Curriculum,Civil Engineering,,,,,,,,,
Degree Plan,2021-22 Plan,,,,,,,,,
Institution,Carnegie Mellon University,,,,,,,,,
Degree Type,BS,,,,,,,,,
System Type,semester,,,,,,,,,
CIP,26.0101,,,,,,,,,
Courses,,,,,,,,,,
Course ID,Course Name,Prefix,Number,Prerequisites,Corequisites,Strict-Corequisites,Credit Hours,Institution,Canonical Name,Term
1,Exploring CEE,12,100,,,,4,,,1
2,Differential & Integral Calculus,21,120,,,,3,,,1
3,Physics 1 For Eng Students,33,141,,,,4,,,1
4,Computing ,99,10x,,,,1.5,,,1
5,General Edu Course,,,,,,3,,,1
6, Intro to Engineering,,,,,,4,,,2
7,Integration & Approximation,21,122,2,,,3,,,2
8,Physics 2,33,142,3,,,4,,,2
9,Intro to Exp Chemistry,9,101,,,,1.5,,,2
10,Gen Edu Course,,,,,,3,,,2
11,CEE Challenges,12,200,1,,,3,,,3
12,Statics,12,212,,,,3,,,3
13,CEE Infrastrcture Systems,12,233,1,,,1,,,3
14,Calculus in Three Dimensions,21,259,7,,,3,,,3
15,Principles of Computing,15,110,,,,3,,,3
16,General Edu Course,,,,,,3,,,3
17,Expertential Learning 1,39,210,,,,0,,,3
18,Solid Mechanics,12,231,12,,,3,,,4
19,Sensing & Data Acquisition For Engineering Systems,12,234,,,,2,,,4
20,Computation & Data Science,12,271,2;3;15;7,,,3,,,4
21,Differential Equations,21,260,7,,,3,,,4
22,Eng Statistics & Quality Control,36,220,7,,,3,,,4
23,General Edu Course,,,,,,3,,,4
24,Expertential Learning 2,39,220,17,,,0,,,4
25,"Inegrating the Built, Natural & Info",12,301,11;20,,,3,,,5
26,Soil Mechanics,12,335,8;18,,,3,,,5
27,Fluid Mechanics,12,355,18;21,,,3,,,5
28,Fluid Mechanics Lab,12,356,,27,,1,,,5
29,Intro to Modern Chemistry 1,9,105,,,,3,,,5
30,Elective 1,,,,,,3,,,5
31,Experiential Learning 3,39,310,24,,,0,,,5
32,Environmental engineering,12,351,21;27,,,3,,,6
33,Intro to Materials Selection,27,357,,,,3,,,6
34,Advanced Computing & Problem Solving,12,371,20,,,3,,,6
35,Experimental & Sensing Systems Design,12,333,,,,2,,,6
36,Elective 2,,,,,,3,,,6
37,Gen Ed Course,,,,,,3,,,6
38,CEE Design,12,401,25,,,4,,,7
39,Project Management for Eng & Constructions,12,411,25,,,3,,,7
40,Elective 3,,,,,,3,,,7
41,Elective 4,,,,,,3,,,7
42,Gen Edu Course,,,,,,3,,,7
43,Gen Edu Course,,,,,,3,,,8
44,Gen Edu Course,,,,,,3,,,8
45,Elective 5,,,,,,3,,,8
46,Elective 6,,,,,,3,,,8
47,Elective 7,,,,,,3,,,8
