SendInstitution,SendCourse1CourseCode,SendCourse1CourseTitle,SendCourse1Units,SendCourse2CourseCode,SendCourse2CourseTitle,SendCourse2Units,SendCourse3CourseCode,SendCourse3CourseTitle,SendCourse3Units,SendCourse4CourseCode,SendCourse4CourseTitle,SendCourse4Units,SendCourse5CourseCode,SendCourse5CourseTitle,SendCourse5Units,SendCourse6CourseCode,SendCourse6CourseTitle,SendCourse6Units,SendCourse7CourseCode,SendCourse7CourseTitle,SendCourse7Units,SendCourse8CourseCode,SendCourse8CourseTitle,SendCourse8Units,SendCourse9CourseCode,SendCourse9CourseTitle,SendCourse9Units,SendCourse10CourseCode,SendCourse10CourseTitle,SendCourse10Units,ReceiveInstitution,ReceiveEditionLowYear,ReceiveEditionHighYear,ReceiveCourse1CourseCode,ReceiveCourse1CourseTitle,ReceiveCourse1Units,ReceiveCourse2CourseCode,ReceiveCourse2CourseTitle,ReceiveCourse2Units,ReceiveCourse3CourseCode,ReceiveCourse3CourseTitle,ReceiveCourse3Units,ReceiveCourse4CourseCode,ReceiveCourse4CourseTitle,ReceiveCourse4Units,ReceiveCourse5CourseCode,ReceiveCourse5CourseTitle,ReceiveCourse5Units,ReceiveCourse6CourseCode,ReceiveCourse6CourseTitle,ReceiveCourse6Units,ReceiveCourse7CourseCode,ReceiveCourse7CourseTitle,ReceiveCourse7Units,ReceiveCourse8CourseCode,ReceiveCourse8CourseTitle,ReceiveCourse8Units,ReceiveCourse9CourseCode,ReceiveCourse9CourseTitle,ReceiveCourse9Units,ReceiveCourse10CourseCode,ReceiveCourse10CourseTitle,ReceiveCourse10Units
PIMA COMMUNITY COLLEGE,ACC 105,Survey of Accounting,3,,,,,,,,,,,,,,,,,,,,,,,,,,,,UNIVERSITY OF ARIZONA,,,ACCT 250,Survey of Accounting,3,,,,,,,,,,,,,,,,,,,,,,,,,,,
PIMA COMMUNITY COLLEGE,ACC 211,Financial Accounting,3,,,,,,,,,,,,,,,,,,,,,,,,,,,,UNIVERSITY OF ARIZONA,,,ACCT 200,Introduction to Financial Accounting,3,,,,,,,,,,,,,,,,,,,,,,,,,,,
PIMA COMMUNITY COLLEGE,ACC 212,Managerial Accounting,3,,,,,,,,,,,,,,,,,,,,,,,,,,,,UNIVERSITY OF ARIZONA,,,ACCT 210,Introduction to Managerial Accounting,3,,,,,,,,,,,,,,,,,,,,,,,,,,,
PIMA COMMUNITY COLLEGE,AFA 120,The African American Experience,3,,,,,,,,,,,,,,,,,,,,,,,,,,,,UNIVERSITY OF ARIZONA,,,AFAS 220,Introduction to African American Studies,3,,,,,,,,,,,,,,,,,,,,,,,,,,,
PIMA COMMUNITY COLLEGE,AFA 130,The African Diaspora,3,,,,,,,,,,,,,,,,,,,,,,,,,,,,UNIVERSITY OF ARIZONA,,,AFAS 200,Introduction to Africana Studies,3,,,,,,,,,,,,,,,,,,,,,,,,,,,
PIMA COMMUNITY COLLEGE,AIS 101,Introduction to American Indian Studies,3,,,,,,,,,,,,,,,,,,,,,,,,,,,,UNIVERSITY OF ARIZONA,,,AIS 100,No Direct Equivalency,3,,,,,,,,,,,,,,,,,,,,,,,,,,,
PIMA COMMUNITY COLLEGE,AIS 148,???History of Indians of North America,3,,,,,,,,,,,,,,,,,,,,,,,,,,,,UNIVERSITY OF ARIZONA,,,AIS 160A1,Many Nations of Native America,3,,,,,,,,,,,,,,,,,,,,,,,,,,,
PIMA COMMUNITY COLLEGE,AJS 101,Introduction to Administration of Justice Systems,3,,,,,,,,,,,,,,,,,,,,,,,,,,,,UNIVERSITY OF ARIZONA,,,PA 241,Criminal Justice Administration,3,,,,,,,,,,,,,,,,,,,,,,,,,,,
PIMA COMMUNITY COLLEGE,ANT 101,Human Origins and Prehistory,3,,,,,,,,,,,,,,,,,,,,,,,,,,,,UNIVERSITY OF ARIZONA,,,ANTH 160D2,Origins of Human Diversity,3,,,,,,,,,,,,,,,,,,,,,,,,,,,
PIMA COMMUNITY COLLEGE,ANT 102,Introduction to Cultural Anthropology and Linguistics,3,,,,,,,,,,,,,,,,,,,,,,,,,,,,UNIVERSITY OF ARIZONA,,,ANTH 150B1,Many Ways of Being Human: Anthropological Perspective,3,,,,,,,,,,,,,,,,,,,,,,,,,,,
PIMA COMMUNITY COLLEGE,ANT 105,Northwest - Humanity and the Environment,3,,,,,,,,,,,,,,,,,,,,,,,,,,,,UNIVERSITY OF ARIZONA,,,ENVS 170A1,Introduction to Environmental Science,3,,,,,,,,,,,,,,,,,,,,,,,,,,,
PIMA COMMUNITY COLLEGE,ANT 110,???Buried Cities and Lost Tribes,3,,,,,,,,,,,,,,,,,,,,,,,,,,,,UNIVERSITY OF ARIZONA,,,ANTH 110,,,,,,,,,,,,,,,,,,,,,,,,,,,,,
PIMA COMMUNITY COLLEGE,ANT 127,History and Culture of the Mexican-American in the Southwest,3,,,,,,,,,,,,,,,,,,,,,,,,,,,,UNIVERSITY OF ARIZONA,,,ANTH 150B1,Many Ways of Being Human: Anthropological Perspective,3,,,,,,,,,,,,,,,,,,,,,,,,,,,
PIMA COMMUNITY COLLEGE,ANT 205,Introduction to Southwestern Prehistory,3,,,,,,,,,,,,,,,,,,,,,,,,,,,,UNIVERSITY OF ARIZONA,,,ANTH 205,No Direct Equivalency,3,,,,,,,,,,,,,,,,,,,,,,,,,,,
PIMA COMMUNITY COLLEGE,ANT 206,Contemporary Native Americans of the Southwest,3,,,,,,,,,,,,,,,,,,,,,,,,,,,,UNIVERSITY OF ARIZONA,,,ANTH 206,No Direct Equivalency,3,,,,,,,,,,,,,,,,,,,,,,,,,,,
PIMA COMMUNITY COLLEGE,ANT 210,Cultural Anthropology,3,,,,,,,,,,,,,,,,,,,,,,,,,,,,UNIVERSITY OF ARIZONA,,,ANTH 200,Cultural Anthropology,3,,,,,,,,,,,,,,,,,,,,,,,,,,,
PIMA COMMUNITY COLLEGE,ANT 215,The Nature of Language,3,,,,,,,,,,,,,,,,,,,,,,,,,,,,UNIVERSITY OF ARIZONA,,,ANTH 276,The Nature of Language,3,,,,,,,,,,,,,,,,,,,,,,,,,,,
PIMA COMMUNITY COLLEGE,ANT 225,Principles of Archaeology,4,,,,,,,,,,,,,,,,,,,,,,,,,,,,UNIVERSITY OF ARIZONA,,,ANTH 235,Principles of Archaeology,3,,,,,,,,,,,,,,,,,,,,,,,,,,,
PIMA COMMUNITY COLLEGE,ANT 204IN,"Human Evolution: Ape Men, Cave Women and Missing Links",5,,,,,,,,,,,,,,,,,,,,,,,,,,,,UNIVERSITY OF ARIZONA,,,ANTH 265,Human Evolution,3,,,,,,,,,,,,,,,,,,,,,,,,,,,
PIMA COMMUNITY COLLEGE,ARB 101,Elementary Modern Standard Arabic I,4,,,,,,,,,,,,,,,,,,,,,,,,,,,,UNIVERSITY OF ARIZONA,,,ARB 101,Elementary Arabic I,5,,,,,,,,,,,,,,,,,,,,,,,,,,,
PIMA COMMUNITY COLLEGE,ARB 102,Elementary Modern Standard Arabic II,4,,,,,,,,,,,,,,,,,,,,,,,,,,,,UNIVERSITY OF ARIZONA,,,ARB 102,Elementary Arabic II,5,,,,,,,,,,,,,,,,,,,,,,,,,,,
PIMA COMMUNITY COLLEGE,ARC 101,Human Origins and Prehistory,3,,,,,,,,,,,,,,,,,,,,,,,,,,,,UNIVERSITY OF ARIZONA,,,ANTH 160D2,Origins of Human Diversity,3,,,,,,,,,,,,,,,,,,,,,,,,,,,
PIMA COMMUNITY COLLEGE,ARC 101,Human Origins and Prehistory,3,,,,,,,,,,,,,,,,,,,,,,,,,,,,UNIVERSITY OF ARIZONA,,,ANTH 160D2,Origins of Human Diversity,3,,,,,,,,,,,,,,,,,,,,,,,,,,,
PIMA COMMUNITY COLLEGE,ARC 110,Buried Cities and Lost Tribes,3,,,,,,,,,,,,,,,,,,,,,,,,,,,,UNIVERSITY OF ARIZONA,,,ANTH 110,No Direct Equivalency,3,,,,,,,,,,,,,,,,,,,,,,,,,,,
PIMA COMMUNITY COLLEGE,ARC 110,Buried Cities and Lost Tribes,3,,,,,,,,,,,,,,,,,,,,,,,,,,,,UNIVERSITY OF ARIZONA,,,ANTH 160D2,Origins of Human Diversity,3,,,,,,,,,,,,,,,,,,,,,,,,,,,
PIMA COMMUNITY COLLEGE,ARC 205,Introduction to Southwestern Prehistory,3,,,,,,,,,,,,,,,,,,,,,,,,,,,,UNIVERSITY OF ARIZONA,,,ANTH 205,No Direct Equivalency,3,,,,,,,,,,,,,,,,,,,,,,,,,,,
PIMA COMMUNITY COLLEGE,ARC 225,Principles of Archaeology,4,,,,,,,,,,,,,,,,,,,,,,,,,,,,UNIVERSITY OF ARIZONA,,,ANTH 235,Principles of Archaeology,3,,,,,,,,,,,,,,,,,,,,,,,,,,,
PIMA COMMUNITY COLLEGE,ARC 204IN,"Human Evolution: Ape Men, Cave Women and Missing Links",5,,,,,,,,,,,,,,,,,,,,,,,,,,,,UNIVERSITY OF ARIZONA,,,ANTH 265,Human Evolution,3,,,,,,,,,,,,,,,,,,,,,,,,,,,
PIMA COMMUNITY COLLEGE,ART 100,Basic Design,5,,,,,,,,,,,,,,,,,,,,,,,,,,,,UNIVERSITY OF ARIZONA,,,ART 100E,Surface,2,,,,,,,,,,,,,,,,,,,,,,,,,,,
PIMA COMMUNITY COLLEGE,ART 100,Basic Design,5,,,,,,,,,,,,,,,,,,,,,,,,,,,,UNIVERSITY OF ARIZONA,,,ART 100G,Propaganda,2,,,,,,,,,,,,,,,,,,,,,,,,,,,
PIMA COMMUNITY COLLEGE,ART 103,3D Digital Fabrication and Printing,1.5,,,,,,,,,,,,,,,,,,,,,,,,,,,,UNIVERSITY OF ARIZONA,,,ART 237,3D Modeling,3,,,,,,,,,,,,,,,,,,,,,,,,,,,
PIMA COMMUNITY COLLEGE,ART 105,Exploring Art and Visual Culture,3,,,,,,,,,,,,,,,,,,,,,,,,,,,,UNIVERSITY OF ARIZONA,,,ARE 130,Exploring Art and Visual Culture,3,,,,,,,,,,,,,,,,,,,,,,,,,,,
PIMA COMMUNITY COLLEGE,ART 109,Watercolor Painting,5,,,,,,,,,,,,,,,,,,,,,,,,,,,,UNIVERSITY OF ARIZONA,,,ART 285,Watercolor Painting I,3,,,,,,,,,,,,,,,,,,,,,,,,,,,
PIMA COMMUNITY COLLEGE,ART 110,Drawing I ,5,,,,,,,,,,,,,,,,,,,,,,,,,,,,UNIVERSITY OF ARIZONA,,,ART 100E,Surface,2,,,,,,,,,,,,,,,,,,,,,,,,,,,
PIMA COMMUNITY COLLEGE,ART 110,Drawing I ,5,,,,,,,,,,,,,,,,,,,,,,,,,,,,UNIVERSITY OF ARIZONA,,,ART 100J,Scope,2,,,,,,,,,,,,,,,,,,,,,,,,,,,
PIMA COMMUNITY COLLEGE,ART 115,Color and Composition,5,,,,,,,,,,,,,,,,,,,,,,,,,,,,UNIVERSITY OF ARIZONA,,,ART 100G,Propaganda,2,,,,,,,,,,,,,,,,,,,,,,,,,,,
PIMA COMMUNITY COLLEGE,ART 115,Color and Composition,5,,,,,,,,,,,,,,,,,,,,,,,,,,,,UNIVERSITY OF ARIZONA,,,ART 100E,Surface,2,,,,,,,,,,,,,,,,,,,,,,,,,,,
PIMA COMMUNITY COLLEGE,ART 120,3D Design ,5,,,,,,,,,,,,,,,,,,,,,,,,,,,,UNIVERSITY OF ARIZONA,,,ART 100F,Amalgam,2,,,,,,,,,,,,,,,,,,,,,,,,,,,
PIMA COMMUNITY COLLEGE,ART 120,3D Design ,5,,,,,,,,,,,,,,,,,,,,,,,,,,,,UNIVERSITY OF ARIZONA,,,ART 100B,Space,2,,,,,,,,,,,,,,,,,,,,,,,,,,,
PIMA COMMUNITY COLLEGE,ART 120,3D Design ,5,,,,,,,,,,,,,,,,,,,,,,,,,,,,UNIVERSITY OF ARIZONA,,,ART 100D,Experience,2,,,,,,,,,,,,,,,,,,,,,,,,,,,
PIMA COMMUNITY COLLEGE,ART 121,Figure Sculpture,5,,,,,,,,,,,,,,,,,,,,,,,,,,,,UNIVERSITY OF ARIZONA,,,ART 289,Beginning Modeling Emphasizing the Figure,3,,,,,,,,,,,,,,,,,,,,,,,,,,,
PIMA COMMUNITY COLLEGE,ART 128,Digital Photography I,6,,,,,,,,,,,,,,,,,,,,,,,,,,,,UNIVERSITY OF ARIZONA,,,ART 244,Introduction to Photographic Practices and Visual Thinking,3,,,,,,,,,,,,,,,,,,,,,,,,,,,
PIMA COMMUNITY COLLEGE,ART 130,Art and Culture: Prehistoric through Gothic ,3,,,,,,,,,,,,,,,,,,,,,,,,,,,,UNIVERSITY OF ARIZONA,,,ARH 201,Survey of Western Art in Society: Prehistory through Gothic,3,,,,,,,,,,,,,,,,,,,,,,,,,,,
PIMA COMMUNITY COLLEGE,ART 131,Art and Culture: Late Gothic through Modern Periods,3,,,,,,,,,,,,,,,,,,,,,,,,,,,,UNIVERSITY OF ARIZONA,,,ARH 202,Survey of Western Art in Society: Renaissance through Modern,3,,,,,,,,,,,,,,,,,,,,,,,,,,,
PIMA COMMUNITY COLLEGE,ART 140,Photography I,5,,,,,,,,,,,,,,,,,,,,,,,,,,,,UNIVERSITY OF ARIZONA,,,ART 246,Introduction to Darkroom Photography,3,,,,,,,,,,,,,,,,,,,,,,,,,,,
PIMA COMMUNITY COLLEGE,ART 141,???Photography II,5,,,,,,,,,,,,,,,,,,,,,,,,,,,,UNIVERSITY OF ARIZONA,,,ART 246,Introduction to Darkroom Photography,3,,,,,,,,,,,,,,,,,,,,,,,,,,,
PIMA COMMUNITY COLLEGE,ART 160,Ceramics I,5,,,,,,,,,,,,,,,,,,,,,,,,,,,,UNIVERSITY OF ARIZONA,,,ART 273,Beginning Art Practices in Ceramics,3,,,,,,,,,,,,,,,,,,,,,,,,,,,
PIMA COMMUNITY COLLEGE,ART 213,Life Drawing I,5,,,,,,,,,,,,,,,,,,,,,,,,,,,,UNIVERSITY OF ARIZONA,,,ART 205,Figure Drawing,3,,,,,,,,,,,,,,,,,,,,,,,,,,,
PIMA COMMUNITY COLLEGE,ART 214,Printmaking II,5,,,,,,,,,,,,,,,,,,,,,,,,,,,,UNIVERSITY OF ARIZONA,,,ART 256,Survey of Printmaking Techniques,3,,,,,,,,,,,,,,,,,,,,,,,,,,,
PIMA COMMUNITY COLLEGE,ART 215,Painting I,5,,,,,,,,,,,,,,,,,,,,,,,,,,,,UNIVERSITY OF ARIZONA,,,ART 280,Painting I,3,,,,,,,,,,,,,,,,,,,,,,,,,,,
PIMA COMMUNITY COLLEGE,ART 220,Sculpture,5,,,,,,,,,,,,,,,,,,,,,,,,,,,,UNIVERSITY OF ARIZONA,,,ART 287,Beginning Sculpture,3,,,,,,,,,,,,,,,,,,,,,,,,,,,
PIMA COMMUNITY COLLEGE,AST 101,Solar System,6,,,,,,,,,,,,,,,,,,,,,,,,,,,,UNIVERSITY OF ARIZONA,,,ASTR 170B1,Exploring Our Universe,3,,,,,,,,,,,,,,,,,,,,,,,,,,,
PIMA COMMUNITY COLLEGE,AST 102,Stars  Galaxies Universe,6,,,,,,,,,,,,,,,,,,,,,,,,,,,,UNIVERSITY OF ARIZONA,,,ASTR 170B1,Exploring Our Universe,3,,,,,,,,,,,,,,,,,,,,,,,,,,,
PIMA COMMUNITY COLLEGE,AST 105,Life in the Universe,6,,,,,,,,,,,,,,,,,,,,,,,,,,,,UNIVERSITY OF ARIZONA,,,ASTR 202,Life in the Universe,3,,,,,,,,,,,,,,,,,,,,,,,,,,,
PIMA COMMUNITY COLLEGE,AST 101IN,Solar System IN,6,,,,,,,,,,,,,,,,,,,,,,,,,,,,UNIVERSITY OF ARIZONA,,,ASTR 170B1,Exploring Our Universe,3,,,,,,,,,,,,,,,,,,,,,,,,,,,
PIMA COMMUNITY COLLEGE,AST 102IN,Stars  Galaxies  Universe,3,,,,,,,,,,,,,,,,,,,,,,,,,,,,UNIVERSITY OF ARIZONA,,,ASTR 170B1,Exploring Our Universe,3,,,,,,,,,,,,,,,,,,,,,,,,,,,
PIMA COMMUNITY COLLEGE,AST 102LB,Stars  Galaxies  Universe Lab,3,,,,,,,,,,,,,,,,,,,,,,,,,,,,UNIVERSITY OF ARIZONA,,,ASTR 101L,Astronomy Laboratory,1,,,,,,,,,,,,,,,,,,,,,,,,,,,
PIMA COMMUNITY COLLEGE,AST 105IN,Life in the Universe IN,3,,,,,,,,,,,,,,,,,,,,,,,,,,,,UNIVERSITY OF ARIZONA,,,ASTR 202,Life in the Universe,3,,,,,,,,,,,,,,,,,,,,,,,,,,,
PIMA COMMUNITY COLLEGE,AST 105LB,Life in the Universe Lab,3,,,,,,,,,,,,,,,,,,,,,,,,,,,,UNIVERSITY OF ARIZONA,,,PTYS 109L,Exploration and Discovery in Planetary Science,1,,,,,,,,,,,,,,,,,,,,,,,,,,,
PIMA COMMUNITY COLLEGE,AST 296LB,Independent Study in Astronomy,3,,,,,,,,,,,,,,,,,,,,,,,,,,,,UNIVERSITY OF ARIZONA,,,ASTR 299,Independent Study,3,,,,,,,,,,,,,,,,,,,,,,,,,,,
PIMA COMMUNITY COLLEGE,BIO 100,Biology Concepts,6,,,,,,,,,,,,,,,,,,,,,,,,,,,,UNIVERSITY OF ARIZONA,,,ECOL 100,Introduction to Biological Concepts,4,,,,,,,,,,,,,,,,,,,,,,,,,,,
PIMA COMMUNITY COLLEGE,BIO 101,Biological Concepts,6,,,,,,,,,,,,,,,,,,,,,,,,,,,,UNIVERSITY OF ARIZONA,,,ECOL 100,Introduction to Biological Concepts,4,,,,,,,,,,,,,,,,,,,,,,,,,,,
PIMA COMMUNITY COLLEGE,BIO 102,Gen Bio (Non-Maj): Add Topics,6,,,,,,,,,,,,,,,,,,,,,,,,,,,,UNIVERSITY OF ARIZONA,,,ECOL 100,Introduction to Biological Concepts,4,,,,,,,,,,,,,,,,,,,,,,,,,,,
PIMA COMMUNITY COLLEGE,BIO 105IN,Environmental Biology,6,,,,,,,,,,,,,,,,,,,,,,,,,,,,UNIVERSITY OF ARIZONA,,,ECOL 206,Environmental Biology,3,,,,,,,,,,,,,,,,,,,,,,,,,,,
PIMA COMMUNITY COLLEGE,BIO 109IN,Natural History of Southwest,6,,,,,,,,,,,,,,,,,,,,,,,,,,,,UNIVERSITY OF ARIZONA,,,ECOL 230,Natural History of the Southwest,3,,,,,,,,,,,,,,,,,,,,,,,,,,,
PIMA COMMUNITY COLLEGE,BIO 182IN,General Biology II,6,,,,,,,,,,,,,,,,,,,,,,,,,,,,UNIVERSITY OF ARIZONA,,,ECOL 182L,Introductory  Biology II,4,ECOL 182R,,,,,,,,,,,,,,,,,,,,,,,,,,
PIMA COMMUNITY COLLEGE,BIO 184IN,Plant Biology,6,,,,,,,,,,,,,,,,,,,,,,,,,,,,UNIVERSITY OF ARIZONA,,,PLS 240,Plant Biology,4,,,,,,,,,,,,,,,,,,,,,,,,,,,
PIMA COMMUNITY COLLEGE,BIO 201IH,Human Anatomy & Physiology I,6,,,,,,,,,,,,,,,,,,,,,,,,,,,,UNIVERSITY OF ARIZONA,,,PSIO 201,Human Anatomy and Physiology I,4,,,,,,,,,,,,,,,,,,,,,,,,,,,
PIMA COMMUNITY COLLEGE,BIO 202IN,Human Anatomy & Physiology II,6,,,,,,,,,,,,,,,,,,,,,,,,,,,,UNIVERSITY OF ARIZONA,,,PSIO 202,Human Anatomy and Physiology II,4,,,,,,,,,,,,,,,,,,,,,,,,,,,
PIMA COMMUNITY COLLEGE,BIO 205IN,Microbiology,6,,,,,,,,,,,,,,,,,,,,,,,,,,,,UNIVERSITY OF ARIZONA,,,MIC 205A,General Microbiology,3,,,,,,,,,,,,,,,,,,,,,,,,,,,
PIMA COMMUNITY COLLEGE,BIO 205IN,Microbiology,6,,,,,,,,,,,,,,,,,,,,,,,,,,,,UNIVERSITY OF ARIZONA,,,MIC 205L,Biology of Microorganisms Laboratory,1,,,,,,,,,,,,,,,,,,,,,,,,,,,
PIMA COMMUNITY COLLEGE,BUS 277,Analytical Methods in Business,4,,,,,,,,,,,,,,,,,,,,,,,,,,,,UNIVERSITY OF ARIZONA,,,BNAD 277,Analytical Mathods for Business,4,,,,,,,,,,,,,,,,,,,,,,,,,,,
PIMA COMMUNITY COLLEGE,CHI 101,Elem Chinese (Mandarin) I,5,,,,,,,,,,,,,,,,,,,,,,,,,,,,UNIVERSITY OF ARIZONA,,,CHN 101,Elementary Chinese,5,,,,,,,,,,,,,,,,,,,,,,,,,,,
PIMA COMMUNITY COLLEGE,CHI 102,Elem Chinese (Mandarin) II,5,,,,,,,,,,,,,,,,,,,,,,,,,,,,UNIVERSITY OF ARIZONA,,,CHN 102,Elementary Chinese II,5,,,,,,,,,,,,,,,,,,,,,,,,,,,
PIMA COMMUNITY COLLEGE,CHI 201,Interm Chinese (Mandarin) I,5,,,,,,,,,,,,,,,,,,,,,,,,,,,,UNIVERSITY OF ARIZONA,,,CHN 201,Intermediate Modern Chinese,5,,,,,,,,,,,,,,,,,,,,,,,,,,,
PIMA COMMUNITY COLLEGE,CHI 202,Intermed Chinese (Mandarin)II,5,,,,,,,,,,,,,,,,,,,,,,,,,,,,UNIVERSITY OF ARIZONA,,,CHN 202,Intermediate Modern Chinese,5,,,,,,,,,,,,,,,,,,,,,,,,,,,
PIMA COMMUNITY COLLEGE,CHM 140,Fundamental Organic & Biochemistry,6,,,,,,,,,,,,,,,,,,,,,,,,,,,,UNIVERSITY OF ARIZONA,,,CHEM 101B,Lectures in General Chemistry ,3,,,,,,,,,,,,,,,,,,,,,,,,,,,
PIMA COMMUNITY COLLEGE,CHM 151IN,General Chemistry I,6,,,,,,,,,,,,,,,,,,,,,,,,,,,,UNIVERSITY OF ARIZONA,,,CHEM 151,Chemical Thinking I,4,,,,,,,,,,,,,,,,,,,,,,,,,,,
PIMA COMMUNITY COLLEGE,CHM 152IN,General Chemistry II,6,,,,,,,,,,,,,,,,,,,,,,,,,,,,UNIVERSITY OF ARIZONA,,,CHEM 152,Chemical Thinking II,4,,,,,,,,,,,,,,,,,,,,,,,,,,,
PIMA COMMUNITY COLLEGE,CHM 235,General Organic Chemistry I L,6,,,,,,,,,,,,,,,,,,,,,,,,,,,,UNIVERSITY OF ARIZONA,,,CHEM 243A,Organic Chemistry Laboratory I,1,,,,,,,,,,,,,,,,,,,,,,,,,,,
PIMA COMMUNITY COLLEGE,CHM 236,General Organic Chem II,6,,,,,,,,,,,,,,,,,,,,,,,,,,,,UNIVERSITY OF ARIZONA,,,CHEM 243B,Organic Chemistry Laboratory II,1,,,,,,,,,,,,,,,,,,,,,,,,,,,
PIMA COMMUNITY COLLEGE,CHM 121IN,Chemistry and Society I,6,,,,,,,,,,,,,,,,,,,,,,,,,,,,UNIVERSITY OF ARIZONA,,,CHEM 101A,Lectures in General Chemistry ,3,,,,,,,,,,,,,,,,,,,,,,,,,,,
PIMA COMMUNITY COLLEGE,CHM 130IN,Fundamental Chemistry,6,,,,,,,,,,,,,,,,,,,,,,,,,,,,UNIVERSITY OF ARIZONA,,,CHEM 101A,Lectures in General Chemistry ,3,,,,,,,,,,,,,,,,,,,,,,,,,,,
PIMA COMMUNITY COLLEGE,CHM 138IN,"Intro to General, Organic&Biochemistry",6,,,,,,,,,,,,,,,,,,,,,,,,,,,,UNIVERSITY OF ARIZONA,,,CHEM 102,"Intro to Gen, Organic, Biochem",3,,,,,,,,,,,,,,,,,,,,,,,,,,,
PIMA COMMUNITY COLLEGE,CHM 140IN,Fund Organic & Biochem Lab,6,,,,,,,,,,,,,,,,,,,,,,,,,,,,UNIVERSITY OF ARIZONA,,,CHEM 130,Chemistry for Allied & Public Health,3,,,,,,,,,,,,,,,,,,,,,,,,,,,
PIMA COMMUNITY COLLEGE,CHM 140IN,Fund Organic & Biochem Lab,6,,,,,,,,,,,,,,,,,,,,,,,,,,,,UNIVERSITY OF ARIZONA,,,CHEM 130L,Laboratory in General Chemistry,1,,,,,,,,,,,,,,,,,,,,,,,,,,,
PIMA COMMUNITY COLLEGE,CIS 129,Intro to Programming Logic,4,,,,,,,,,,,,,,,,,,,,,,,,,,,,UNIVERSITY OF ARIZONA,,,CSC 110,Introduction to Computer Programming I,4,,,,,,,,,,,,,,,,,,,,,,,,,,,
PIMA COMMUNITY COLLEGE,CIS 131,Programming & Prob Solving II,4,,,,,,,,,,,,,,,,,,,,,,,,,,,,UNIVERSITY OF ARIZONA,,,CSC 120,No Direct Equivalency,3,,,,,,,,,,,,,,,,,,,,,,,,,,,
PIMA COMMUNITY COLLEGE,CIS 250,Intro to Assembly Language,3,,,,,,,,,,,,,,,,,,,,,,,,,,,,UNIVERSITY OF ARIZONA,,,CSC 252,Computer Organization,3,,,,,,,,,,,,,,,,,,,,,,,,,,,
PIMA COMMUNITY COLLEGE,CMN 102,Introduction to Communication,3,,,,,,,,,,,,,,,,,,,,,,,,,,,,UNIVERSITY OF ARIZONA,,,COMM 101,Introduction to the Study of Communication,3,,,,,,,,,,,,,,,,,,,,,,,,,,,
PIMA COMMUNITY COLLEGE,CMN 110,Public Speaking,3,,,,,,,,,,,,,,,,,,,,,,,,,,,,UNIVERSITY OF ARIZONA,,,COMM 119,Public Speaking,3,,,,,,,,,,,,,,,,,,,,,,,,,,,
PIMA COMMUNITY COLLEGE,CMN 130,Small Group Communication,3,,,,,,,,,,,,,,,,,,,,,,,,,,,,UNIVERSITY OF ARIZONA,,,COMM 113,Introduction to Small Group Communication,3,,,,,,,,,,,,,,,,,,,,,,,,,,,
PIMA COMMUNITY COLLEGE,CMN 140,Interpersonal Communication,3,,,,,,,,,,,,,,,,,,,,,,,,,,,,UNIVERSITY OF ARIZONA,,,COMM 114,Introduction to Interpersonal Communication,3,,,,,,,,,,,,,,,,,,,,,,,,,,,
PIMA COMMUNITY COLLEGE,CMN 200,Intercultural Communication,3,,,,,,,,,,,,,,,,,,,,,,,,,,,,UNIVERSITY OF ARIZONA,,,COMM 117,Culture and Communication,3,,,,,,,,,,,,,,,,,,,,,,,,,,,
PIMA COMMUNITY COLLEGE,CMN 209,Intro to Communication Tech,3,,,,,,,,,,,,,,,,,,,,,,,,,,,,UNIVERSITY OF ARIZONA,,,COMM 209,Introduction to Communication Technology,3,,,,,,,,,,,,,,,,,,,,,,,,,,,
PIMA COMMUNITY COLLEGE,CMN 228,Research Methods in Communicat,3,,,,,,,,,,,,,,,,,,,,,,,,,,,,UNIVERSITY OF ARIZONA,,,COMM 228,Introduction to Research Methods in Communication,3,,,,,,,,,,,,,,,,,,,,,,,,,,,
PIMA COMMUNITY COLLEGE,DAR 140,Digit Trad Illlust & Cartoon,5,,,,,,,,,,,,,,,,,,,,,,,,,,,,UNIVERSITY OF ARIZONA,,,ART 266,No Direct Equivalency,3,,,,,,,,,,,,,,,,,,,,,,,,,,,
PIMA COMMUNITY COLLEGE,DAR 173,History of American Cinema,3,,,,,,,,,,,,,,,,,,,,,,,,,,,,UNIVERSITY OF ARIZONA,,,MAR 252,Introduction to Film Styles+Genres,3,,,,,,,,,,,,,,,,,,,,,,,,,,,
PIMA COMMUNITY COLLEGE,DAR 176,Film Animation,5,,,,,,,,,,,,,,,,,,,,,,,,,,,,UNIVERSITY OF ARIZONA,,,MAR 268S,Introduction to Film Animation,3,,,,,,,,,,,,,,,,,,,,,,,,,,,
PIMA COMMUNITY COLLEGE,DAR 210,Graphic Design II,5,,,,,,,,,,,,,,,,,,,,,,,,,,,,UNIVERSITY OF ARIZONA,,,ART 265,Design Studio I,3,,,,,,,,,,,,,,,,,,,,,,,,,,,
PIMA COMMUNITY COLLEGE,DAR 212,Graphic Design IV,5,,,,,,,,,,,,,,,,,,,,,,,,,,,,UNIVERSITY OF ARIZONA,,,ART 265,Design Studio I,3,,,,,,,,,,,,,,,,,,,,,,,,,,,
PIMA COMMUNITY COLLEGE,DAR 225,Advanced Video Production,6,,,,,,,,,,,,,,,,,,,,,,,,,,,,UNIVERSITY OF ARIZONA,,,FTV 210,Introduction to Film Production,3,,,,,,,,,,,,,,,,,,,,,,,,,,,
PIMA COMMUNITY COLLEGE,DAR 251,Computer 3D Animation: Maya,5,,,,,,,,,,,,,,,,,,,,,,,,,,,,UNIVERSITY OF ARIZONA,,,MAR 268S,Introduction to Film Animation,3,,,,,,,,,,,,,,,,,,,,,,,,,,,
PIMA COMMUNITY COLLEGE,DNC 150,Ballet I,3,,,,,,,,,,,,,,,,,,,,,,,,,,,,UNIVERSITY OF ARIZONA,,,DNC 112A,Introduction to Ballet I,1,,,,,,,,,,,,,,,,,,,,,,,,,,,
PIMA COMMUNITY COLLEGE,DNC 151,Ballet II,3,,,,,,,,,,,,,,,,,,,,,,,,,,,,UNIVERSITY OF ARIZONA,,,DNC 112B,Ballet for Beginners with Limited Experience,1,,,,,,,,,,,,,,,,,,,,,,,,,,,
PIMA COMMUNITY COLLEGE,DNC 152,Ballet III,3,,,,,,,,,,,,,,,,,,,,,,,,,,,,UNIVERSITY OF ARIZONA,,,DNC 112C,Intermediate Ballet,2,,,,,,,,,,,,,,,,,,,,,,,,,,,
PIMA COMMUNITY COLLEGE,DNC 166,Modern Dance I,3,,,,,,,,,,,,,,,,,,,,,,,,,,,,UNIVERSITY OF ARIZONA,,,DNC 152A,Beginning Modern Dance,1,,,,,,,,,,,,,,,,,,,,,,,,,,,
PIMA COMMUNITY COLLEGE,DNC 167,Modern Dance II,3,,,,,,,,,,,,,,,,,,,,,,,,,,,,UNIVERSITY OF ARIZONA,,,DNC 152B,Modern Dance with Limited Experience,1,,,,,,,,,,,,,,,,,,,,,,,,,,,
PIMA COMMUNITY COLLEGE,DNC 168,Modern Dance III,3,,,,,,,,,,,,,,,,,,,,,,,,,,,,UNIVERSITY OF ARIZONA,,,DNC 152C,Intermediate Modern Dance,2,,,,,,,,,,,,,,,,,,,,,,,,,,,
PIMA COMMUNITY COLLEGE,DNC 219,Jazz Dance I,3,,,,,,,,,,,,,,,,,,,,,,,,,,,,UNIVERSITY OF ARIZONA,,,DNC 144C,Intermediate Jazz Dance,2,,,,,,,,,,,,,,,,,,,,,,,,,,,
PIMA COMMUNITY COLLEGE,DNC 220,Jazz Dance II,3,,,,,,,,,,,,,,,,,,,,,,,,,,,,UNIVERSITY OF ARIZONA,,,DNC 144C,Intermediate Jazz Dance,2,,,,,,,,,,,,,,,,,,,,,,,,,,,
PIMA COMMUNITY COLLEGE,DNC 221,Jazz Dance III,3,,,,,,,,,,,,,,,,,,,,,,,,,,,,UNIVERSITY OF ARIZONA,,,DNC 244A,Jazz Dance Technique I,2,,,,,,,,,,,,,,,,,,,,,,,,,,,
PIMA COMMUNITY COLLEGE,ECE 107,Human Devel & Relations,3,,,,,,,,,,,,,,,,,,,,,,,,,,,,UNIVERSITY OF ARIZONA,,,FSHD 117,Lifespan Human Development,3,,,,,,,,,,,,,,,,,,,,,,,,,,,
PIMA COMMUNITY COLLEGE,ECN 150,An Economic Perspective,3,,,,,,,,,,,,,,,,,,,,,,,,,,,,UNIVERSITY OF ARIZONA,,,ECON 150C1,An Economic Perspective,3,,,,,,,,,,,,,,,,,,,,,,,,,,,
PIMA COMMUNITY COLLEGE,ECN 201,Microeconomic Principles,3,,,,,,,,,,,,,,,,,,,,,,,,,,,,UNIVERSITY OF ARIZONA,,,ECON 201A,Introduction to Microeconomic Principles,3,,,,,,,,,,,,,,,,,,,,,,,,,,,
PIMA COMMUNITY COLLEGE,ECN 202,Macroeconomic Principles,3,,,,,,,,,,,,,,,,,,,,,,,,,,,,UNIVERSITY OF ARIZONA,,,ECON 201B,Introduction to Macroeconomic Principles,3,,,,,,,,,,,,,,,,,,,,,,,,,,,
PIMA COMMUNITY COLLEGE,EDU 201,Diversity in Education,3,,,,,,,,,,,,,,,,,,,,,,,,,,,,UNIVERSITY OF ARIZONA,,,TLS 204,"Language, Culture and Race in Education",3,,,,,,,,,,,,,,,,,,,,,,,,,,,
PIMA COMMUNITY COLLEGE,EMT 100,Basic Emergency Medical Tech,15,,,,,,,,,,,,,,,,,,,,,,,,,,,,UNIVERSITY OF ARIZONA,,,EMD 147,Emergency Medical Technicians,4,,,,,,,,,,,,,,,,,,,,,,,,,,,
PIMA COMMUNITY COLLEGE,ENG 201,Intro to Mining Engineering,3,,,,,,,,,,,,,,,,,,,,,,,,,,,,UNIVERSITY OF ARIZONA,,,MNE 205,Introduction to to Mining Engineering,3,,,,,,,,,,,,,,,,,,,,,,,,,,,
PIMA COMMUNITY COLLEGE,ENG 210,Engineer Mech-Statics,3,,,,,,,,,,,,,,,,,,,,,,,,,,,,UNIVERSITY OF ARIZONA,,,CE 214,Statics,3,,,,,,,,,,,,,,,,,,,,,,,,,,,
PIMA COMMUNITY COLLEGE,ENG 218,Fluid Mechanics,3,,,,,,,,,,,,,,,,,,,,,,,,,,,,UNIVERSITY OF ARIZONA,,,CE 218,Mechanics of Fluids,3,,,,,,,,,,,,,,,,,,,,,,,,,,,
PIMA COMMUNITY COLLEGE,ENG 220,Engineer Mech-Dynamics,3,,,,,,,,,,,,,,,,,,,,,,,,,,,,UNIVERSITY OF ARIZONA,,,AME 250,Dynamics,3,,,,,,,,,,,,,,,,,,,,,,,,,,,
PIMA COMMUNITY COLLEGE,ENG 221,Intro to Aerospace Engineering,3,,,,,,,,,,,,,,,,,,,,,,,,,,,,UNIVERSITY OF ARIZONA,,,AME 220,Introduction to to Aerospace Engineering,3,,,,,,,,,,,,,,,,,,,,,,,,,,,
PIMA COMMUNITY COLLEGE,ENG 230,Mechanics of Materials,3,,,,,,,,,,,,,,,,,,,,,,,,,,,,UNIVERSITY OF ARIZONA,,,CE 215,Mechanics of Solids,3,,,,,,,,,,,,,,,,,,,,,,,,,,,
PIMA COMMUNITY COLLEGE,ENG 232,Thermodynamics,3,,,,,,,,,,,,,,,,,,,,,,,,,,,,UNIVERSITY OF ARIZONA,,,AME 230,Thermodynamics,3,,,,,,,,,,,,,,,,,,,,,,,,,,,
PIMA COMMUNITY COLLEGE,ENG 260,Electrical Engineering,3,,,,,,,,,,,,,,,,,,,,,,,,,,,,UNIVERSITY OF ARIZONA,,,ECE 207,Elements of Electrical Engineering,3,,,,,,,,,,,,,,,,,,,,,,,,,,,
PIMA COMMUNITY COLLEGE,ENG 102IN,Prob Solving & Eng Design,5,,,,,,,,,,,,,,,,,,,,,,,,,,,,UNIVERSITY OF ARIZONA,,,ENGR 102,No Direct Equivalency,,,,,,,,,,,,,,,,,,,,,,,,,,,,
PIMA COMMUNITY COLLEGE,ENG 105IN,Introduction to MATLAB I,2,,,,,,,,,,,,,,,,,,,,,,,,,,,,UNIVERSITY OF ARIZONA,,,AME 105,Introduction to to MATLAB I,1,,,,,,,,,,,,,,,,,,,,,,,,,,,
PIMA COMMUNITY COLLEGE,ENG 110IN,Solid State Chemistry,6,,,,,,,,,,,,,,,,,,,,,,,,,,,,UNIVERSITY OF ARIZONA,,,MSE 110,Solid State Chemistry,4,,,,,,,,,,,,,,,,,,,,,,,,,,,
PIMA COMMUNITY COLLEGE,ENG 120IN,Civil Engineering Graphics and Design,7,,,,,,,,,,,,,,,,,,,,,,,,,,,,UNIVERSITY OF ARIZONA,,,CE 210,Engineering Graphics,1,,,,,,,,,,,,,,,,,,,,,,,,,,,
PIMA COMMUNITY COLLEGE,ENG 122IN,Engineering Graphics and Design with Solid Modeling,7,,,,,,,,,,,,,,,,,,,,,,,,,,,,UNIVERSITY OF ARIZONA,,,BE 221,Introduction to Computer Aided Design,3,,,,,,,,,,,,,,,,,,,,,,,,,,,
PIMA COMMUNITY COLLEGE,ENG 130IN,Elementary Surveying,5,,,,,,,,,,,,,,,,,,,,,,,,,,,,UNIVERSITY OF ARIZONA,,,CE 251,Elementary Surveying,3,,,,,,,,,,,,,,,,,,,,,,,,,,,
PIMA COMMUNITY COLLEGE,ENG 170IN,Prob Solv Using Computers,3,,,,,,,,,,,,,,,,,,,,,,,,,,,,UNIVERSITY OF ARIZONA,,,ENGR 170,Problem Solving Using Computers,3,,,,,,,,,,,,,,,,,,,,,,,,,,,
PIMA COMMUNITY COLLEGE,ENG 175IN,Comp Progrm Engineer Appl,5,,,,,,,,,,,,,,,,,,,,,,,,,,,,UNIVERSITY OF ARIZONA,,,ECE 175,Computer Programming for Engineering Applications,3,,,,,,,,,,,,,,,,,,,,,,,,,,,
PIMA COMMUNITY COLLEGE,ENG 205IN,Introduction to MATLAB II,2,,,,,,,,,,,,,,,,,,,,,,,,,,,,UNIVERSITY OF ARIZONA,,,AME 205,Introduction to MATLAB II,1,,,,,,,,,,,,,,,,,,,,,,,,,,,
PIMA COMMUNITY COLLEGE,ENG 211IN,Comp Aided Engineerng Dsgn/Man,3,,,,,,,,,,,,,,,,,,,,,,,,,,,,UNIVERSITY OF ARIZONA,,,AME 211,Computer-Aided Drafting and Manufacturing,3,,,,,,,,,,,,,,,,,,,,,,,,,,,
PIMA COMMUNITY COLLEGE,ENG 274IN,Digital Logic,6,,,,,,,,,,,,,,,,,,,,,,,,,,,,UNIVERSITY OF ARIZONA,,,ECE 274A,Digital Logic,4,,,,,,,,,,,,,,,,,,,,,,,,,,,
PIMA COMMUNITY COLLEGE,ENG 276IN,Comp Prog Engr Appl II,5,,,,,,,,,,,,,,,,,,,,,,,,,,,,UNIVERSITY OF ARIZONA,,,ECE 275,Computer Programming for Engineering Applications II,3,,,,,,,,,,,,,,,,,,,,,,,,,,,
PIMA COMMUNITY COLLEGE,ENG 282IN,Basic Electric Circuits,7,,,,,,,,,,,,,,,,,,,,,,,,,,,,UNIVERSITY OF ARIZONA,,,ECE 220,Basic Circuits,5,,,,,,,,,,,,,,,,,,,,,,,,,,,
PIMA COMMUNITY COLLEGE,ENV 100,Intro Environmental Tech,3,,,,,,,,,,,,,,,,,,,,,,,,,,,,UNIVERSITY OF ARIZONA,,,NATS 101,Intro Environmental Tech,,,,,,,,,,,,,,,,,,,,,,,,,,,,
PIMA COMMUNITY COLLEGE,FDC 111,Clothing Const I: Beginning,5,,,,,,,,,,,,,,,,,,,,,,,,,,,,UNIVERSITY OF ARIZONA,,,FITS 145A,Sewn Products Skills 1,1,,,,,,,,,,,,,,,,,,,,,,,,,,,
PIMA COMMUNITY COLLEGE,FDC 111,Clothing Const I: Beginning,5,,,,,,,,,,,,,,,,,,,,,,,,,,,,UNIVERSITY OF ARIZONA,,,FITS 145B,Sewn Product Skills 2- Basic Machine Sewing Skills,2,,,,,,,,,,,,,,,,,,,,,,,,,,,
PIMA COMMUNITY COLLEGE,FDC 126,Textiles,5,,,,,,,,,,,,,,,,,,,,,,,,,,,,UNIVERSITY OF ARIZONA,,,FITS 345,Science of Textiles,3,,,,,,,,,,,,,,,,,,,,,,,,,,,
PIMA COMMUNITY COLLEGE,FRE 101,Elementary French I,4,,,,,,,,,,,,,,,,,,,,,,,,,,,,UNIVERSITY OF ARIZONA,,,FREN 101,Elementary French I,4,,,,,,,,,,,,,,,,,,,,,,,,,,,
PIMA COMMUNITY COLLEGE,FRE 102,Elementary French II,4,,,,,,,,,,,,,,,,,,,,,,,,,,,,UNIVERSITY OF ARIZONA,,,FREN 102,Elementary French II,4,,,,,,,,,,,,,,,,,,,,,,,,,,,
PIMA COMMUNITY COLLEGE,FRE 201,Intermediate French I,4,,,,,,,,,,,,,,,,,,,,,,,,,,,,UNIVERSITY OF ARIZONA,,,FREN 201,Intermediate French I,4,,,,,,,,,,,,,,,,,,,,,,,,,,,
PIMA COMMUNITY COLLEGE,FRE 202,Intermediate French II,4,,,,,,,,,,,,,,,,,,,,,,,,,,,,UNIVERSITY OF ARIZONA,,,FREN 202,Intermediate French II,4,,,,,,,,,,,,,,,,,,,,,,,,,,,
PIMA COMMUNITY COLLEGE,FSN 154,Nutrition,3,,,,,,,,,,,,,,,,,,,,,,,,,,,,UNIVERSITY OF ARIZONA,,,NSC 101,Introduction to Human Nutrition,3,,,,,,,,,,,,,,,,,,,,,,,,,,,
PIMA COMMUNITY COLLEGE,FSN 127IN,Human Nutrition & Biology,6,,,,,,,,,,,,,,,,,,,,,,,,,,,,UNIVERSITY OF ARIZONA,,,NSC 101,Introduction to Human Nutrition,3,,,,,,,,,,,,,,,,,,,,,,,,,,,
PIMA COMMUNITY COLLEGE,GAM 201,Game Design III,5,,,,,,,,,,,,,,,,,,,,,,,,,,,,UNIVERSITY OF ARIZONA,,,ISTA 251,Introduction to Game Design,3,,,,,,,,,,,,,,,,,,,,,,,,,,,
PIMA COMMUNITY COLLEGE,GAM 218,Game Design Portfolio Capstone,5,,,,,,,,,,,,,,,,,,,,,,,,,,,,UNIVERSITY OF ARIZONA,,,ISTA 251,Introduction to Game Design,3,,,,,,,,,,,,,,,,,,,,,,,,,,,
PIMA COMMUNITY COLLEGE,GEO 103,Cultural Geography,3,,,,,,,,,,,,,,,,,,,,,,,,,,,,UNIVERSITY OF ARIZONA,,,GEOG 210,The Political & Cultural Geography of Gloalization,3,,,,,,,,,,,,,,,,,,,,,,,,,,,
PIMA COMMUNITY COLLEGE,GEO 104,World Regional Geography,3,,,,,,,,,,,,,,,,,,,,,,,,,,,,UNIVERSITY OF ARIZONA,,,GEOG 151,World Regional Geography,3,,,,,,,,,,,,,,,,,,,,,,,,,,,
PIMA COMMUNITY COLLEGE,GEO 104,World Regional Geography,3,,,,,,,,,,,,,,,,,,,,,,,,,,,,UNIVERSITY OF ARIZONA,,,MENA 251,World Regions: Comparative and Global Perspectives,3,,,,,,,,,,,,,,,,,,,,,,,,,,,
PIMA COMMUNITY COLLEGE,GEO 101IN,Phys Geog-Weather & Climate,6,,,,,,,,,,,,,,,,,,,,,,,,,,,,UNIVERSITY OF ARIZONA,,,GEOG 230,Our Changing Climate ,3,,,,,,,,,,,,,,,,,,,,,,,,,,,
PIMA COMMUNITY COLLEGE,GEO 102IN,Phys Geog: Land Forms & Ocean,6,,,,,,,,,,,,,,,,,,,,,,,,,,,,UNIVERSITY OF ARIZONA,,,GEOG 170A1,Earth's Environment: Introduction to Physical Geography,3,,,,,,,,,,,,,,,,,,,,,,,,,,,
PIMA COMMUNITY COLLEGE,GER 101,Elementary German I,4,,,,,,,,,,,,,,,,,,,,,,,,,,,,UNIVERSITY OF ARIZONA,,,GER 101,Beginning German I,4,,,,,,,,,,,,,,,,,,,,,,,,,,,
PIMA COMMUNITY COLLEGE,GER 102,Elementary German II,4,,,,,,,,,,,,,,,,,,,,,,,,,,,,UNIVERSITY OF ARIZONA,,,GER 102,Beginning German II,4,,,,,,,,,,,,,,,,,,,,,,,,,,,
PIMA COMMUNITY COLLEGE,GER 201,Intermediate German I,4,,,,,,,,,,,,,,,,,,,,,,,,,,,,UNIVERSITY OF ARIZONA,,,GER 201,Intermediate German I,4,,,,,,,,,,,,,,,,,,,,,,,,,,,
PIMA COMMUNITY COLLEGE,GER 202,Intermediate German II,4,,,,,,,,,,,,,,,,,,,,,,,,,,,,UNIVERSITY OF ARIZONA,,,GER 202,Intermediate German II ,4,,,,,,,,,,,,,,,,,,,,,,,,,,,
PIMA COMMUNITY COLLEGE,GLG 101IN,Introductory Geology I IN,6,,,,,,,,,,,,,,,,,,,,,,,,,,,,UNIVERSITY OF ARIZONA,,,GEOS 251,Physical Geology,4,,,,,,,,,,,,,,,,,,,,,,,,,,,
PIMA COMMUNITY COLLEGE,GLG 102IN,Introductory Geology II IN,6,,,,,,,,,,,,,,,,,,,,,,,,,,,,UNIVERSITY OF ARIZONA,,,GEOS 255,Historical Geology,4,,,,,,,,,,,,,,,,,,,,,,,,,,,
PIMA COMMUNITY COLLEGE,GLG 110IN,GLG Disasters/Environ GLG,6,,,,,,,,,,,,,,,,,,,,,,,,,,,,UNIVERSITY OF ARIZONA,,,GEOS 218,Geological Disasters and Society,3,,,,,,,,,,,,,,,,,,,,,,,,,,,
PIMA COMMUNITY COLLEGE,GLS 103,World Hist I Prehist to AD1500,3,,,,,,,,,,,,,,,,,,,,,,,,,,,,UNIVERSITY OF ARIZONA,,,HIST 160B2,World History to 1600,3,,,,,,,,,,,,,,,,,,,,,,,,,,,
PIMA COMMUNITY COLLEGE,GLS 104,World Hist II Global Hist 1500,3,,,,,,,,,,,,,,,,,,,,,,,,,,,,UNIVERSITY OF ARIZONA,,,HIST 150C4,World History: 1600-the Present,3,,,,,,,,,,,,,,,,,,,,,,,,,,,
PIMA COMMUNITY COLLEGE,GRK 101,Elementary Modern Greek I,3,,,,,,,,,,,,,,,,,,,,,,,,,,,,UNIVERSITY OF ARIZONA,,,GRK 103,Elementary Modern Greek I,4,,,,,,,,,,,,,,,,,,,,,,,,,,,
PIMA COMMUNITY COLLEGE,GRK 102,Elementary Modern Greek II,3,,,,,,,,,,,,,,,,,,,,,,,,,,,,UNIVERSITY OF ARIZONA,,,GRK 104,Elementary Modern Greek II,4,,,,,,,,,,,,,,,,,,,,,,,,,,,
PIMA COMMUNITY COLLEGE,GRK 201,Intermed Modern Greek I,3,,,,,,,,,,,,,,,,,,,,,,,,,,,,UNIVERSITY OF ARIZONA,,,GRK 203,Intermediate Greek I ,4,,,,,,,,,,,,,,,,,,,,,,,,,,,
PIMA COMMUNITY COLLEGE,GRK 202,Intermed Modern Greek II,3,,,,,,,,,,,,,,,,,,,,,,,,,,,,UNIVERSITY OF ARIZONA,,,GRK 204,Intermediate Modern Greek II,4,,,,,,,,,,,,,,,,,,,,,,,,,,,
PIMA COMMUNITY COLLEGE,GWS 100,Intro to Feminist Studies,3,,,,,,,,,,,,,,,,,,,,,,,,,,,,UNIVERSITY OF ARIZONA,,,GWS 150B1,Gender and Contemporary Society,3,,,,,,,,,,,,,,,,,,,,,,,,,,,
PIMA COMMUNITY COLLEGE,GWS 201,La Chicana,3,,,,,,,,,,,,,,,,,,,,,,,,,,,,UNIVERSITY OF ARIZONA,,,MAS 201,Introduction to Chicana/Latina Studies,3,,,,,,,,,,,,,,,,,,,,,,,,,,,
PIMA COMMUNITY COLLEGE,HEB 101,Elementary Modern Hebrew I,3,,,,,,,,,,,,,,,,,,,,,,,,,,,,UNIVERSITY OF ARIZONA,,,JUS 103A,Elementary Modern Hebrew,5,,,,,,,,,,,,,,,,,,,,,,,,,,,
PIMA COMMUNITY COLLEGE,HEB 102,Elementary Modern Hebrew II,3,,,,,,,,,,,,,,,,,,,,,,,,,,,,UNIVERSITY OF ARIZONA,,,JUS 103B,Elementary Modern Hebrew,5,,,,,,,,,,,,,,,,,,,,,,,,,,,
PIMA COMMUNITY COLLEGE,HEB 201,Intermed Modern Hebrew I,3,,,,,,,,,,,,,,,,,,,,,,,,,,,,UNIVERSITY OF ARIZONA,,,JUS 203A,Intermediate Modern Hebrew,5,,,,,,,,,,,,,,,,,,,,,,,,,,,
PIMA COMMUNITY COLLEGE,HEB 202,Intermed Modern Hebrew II,3,,,,,,,,,,,,,,,,,,,,,,,,,,,,UNIVERSITY OF ARIZONA,,,JUS 203B,Intermediate Modern Hebrew,5,,,,,,,,,,,,,,,,,,,,,,,,,,,
PIMA COMMUNITY COLLEGE,HIS 101,Intro to Western Civ I,3,,,,,,,,,,,,,,,,,,,,,,,,,,,,UNIVERSITY OF ARIZONA,,,HIST 101,No Direct Equivalency,,,,,,,,,,,,,,,,,,,,,,,,,,,,
PIMA COMMUNITY COLLEGE,HIS 102,Intro to Western Civ II,3,,,,,,,,,,,,,,,,,,,,,,,,,,,,UNIVERSITY OF ARIZONA,,,HIST 102,No Direct Equivalency,,,,,,,,,,,,,,,,,,,,,,,,,,,,
PIMA COMMUNITY COLLEGE,HIS 103,World History Before 1500,3,,,,,,,,,,,,,,,,,,,,,,,,,,,,UNIVERSITY OF ARIZONA,,,HIST 160B2,World History to 1600,3,,,,,,,,,,,,,,,,,,,,,,,,,,,
PIMA COMMUNITY COLLEGE,HIS 105,Intro to Chicano Studies,3,,,,,,,,,,,,,,,,,,,,,,,,,,,,UNIVERSITY OF ARIZONA,,,MAS 265,"Culture, Community and Identity",3,,,,,,,,,,,,,,,,,,,,,,,,,,,
PIMA COMMUNITY COLLEGE,HIS 113,Chinese Civilization,3,,,,,,,,,,,,,,,,,,,,,,,,,,,,UNIVERSITY OF ARIZONA,,,EAS 160A3,Chinese Civilization ,3,,,,,,,,,,,,,,,,,,,,,,,,,,,
PIMA COMMUNITY COLLEGE,HIS 114,Japanese History,3,,,,,,,,,,,,,,,,,,,,,,,,,,,,UNIVERSITY OF ARIZONA,,,HIST 272,Japanese Civilization ,3,,,,,,,,,,,,,,,,,,,,,,,,,,,
PIMA COMMUNITY COLLEGE,HIS 141,History of United States I,3,,,,,,,,,,,,,,,,,,,,,,,,,,,,UNIVERSITY OF ARIZONA,,,HIST 160C1,"The Making of American Cultures, 1600-1877",3,,,,,,,,,,,,,,,,,,,,,,,,,,,
PIMA COMMUNITY COLLEGE,HIS 142,History of United States II,3,,,,,,,,,,,,,,,,,,,,,,,,,,,,UNIVERSITY OF ARIZONA,,,HIST 150C3,U.S. Soiecty and Institutions Since 1877,3,,,,,,,,,,,,,,,,,,,,,,,,,,,
PIMA COMMUNITY COLLEGE,HIS 148,Hist of Indians of N. America,3,,,,,,,,,,,,,,,,,,,,,,,,,,,,UNIVERSITY OF ARIZONA,,,AIS 160A1,Many Nations of Native America,3,,,,,,,,,,,,,,,,,,,,,,,,,,,
PIMA COMMUNITY COLLEGE,HIS 160,Latin America Before Independ,3,,,,,,,,,,,,,,,,,,,,,,,,,,,,UNIVERSITY OF ARIZONA,,,HIST 160A1,Colonial Latin America,3,,,,,,,,,,,,,,,,,,,,,,,,,,,
PIMA COMMUNITY COLLEGE,HIS 161,Modern Latin America,3,,,,,,,,,,,,,,,,,,,,,,,,,,,,UNIVERSITY OF ARIZONA,,,HIST 150C2,Modern Latin America,3,,,,,,,,,,,,,,,,,,,,,,,,,,,
PIMA COMMUNITY COLLEGE,HIS 170,History & People of Africa,3,,,,,,,,,,,,,,,,,,,,,,,,,,,,UNIVERSITY OF ARIZONA,,,AFAS 210,African American History ( 1865-Present),3,,,,,,,,,,,,,,,,,,,,,,,,,,,
PIMA COMMUNITY COLLEGE,HIS 254,History Women US: 20th Cent,3,,,,,,,,,,,,,,,,,,,,,,,,,,,,UNIVERSITY OF ARIZONA,,,HIST 254,History of Women in the United States : 1890 to Present,3,,,,,,,,,,,,,,,,,,,,,,,,,,,
PIMA COMMUNITY COLLEGE,HUM 131,Mythology,3,,,,,,,,,,,,,,,,,,,,,,,,,,,,UNIVERSITY OF ARIZONA,,,CLAS 160D2,Classical Mythology: Ancient Stories and What they Tell Us,3,,,,,,,,,,,,,,,,,,,,,,,,,,,
PIMA COMMUNITY COLLEGE,HUM 251,Western Humanities I,3,,,,,,,,,,,,,,,,,,,,,,,,,,,,UNIVERSITY OF ARIZONA,,,HUMS 250A,???Introduction to Humanities: Origins of Western Humanities???,3,,,,,,,,,,,,,,,,,,,,,,,,,,,
PIMA COMMUNITY COLLEGE,HUM 252,Western Humanities II,3,,,,,,,,,,,,,,,,,,,,,,,,,,,,UNIVERSITY OF ARIZONA,,,HUMS 250B,???Introduction to Humanities: Medieval To Renaissance,3,,,,,,,,,,,,,,,,,,,,,,,,,,,
PIMA COMMUNITY COLLEGE,HUM 253,Western Humanities III,3,,,,,,,,,,,,,,,,,,,,,,,,,,,,UNIVERSITY OF ARIZONA,,,HUMS 250C,Introduction to Humanities: Baroque to Realism,3,,,,,,,,,,,,,,,,,,,,,,,,,,,
PIMA COMMUNITY COLLEGE,HUM 260,Intercultural Perspective,3,,,,,,,,,,,,,,,,,,,,,,,,,,,,UNIVERSITY OF ARIZONA,,,HUMS 260,Intercultural Perspectives???,3,,,,,,,,,,,,,,,,,,,,,,,,,,,
PIMA COMMUNITY COLLEGE,ITA 101,Elementary Italian I,3,,,,,,,,,,,,,,,,,,,,,,,,,,,,UNIVERSITY OF ARIZONA,,,ITAL 101,Elementary Italian I ,4,,,,,,,,,,,,,,,,,,,,,,,,,,,
PIMA COMMUNITY COLLEGE,ITA 102,Elementary Italian II,3,,,,,,,,,,,,,,,,,,,,,,,,,,,,UNIVERSITY OF ARIZONA,,,ITAL 102,Elementary Italian II ,4,,,,,,,,,,,,,,,,,,,,,,,,,,,
PIMA COMMUNITY COLLEGE,ITA 201,Intermediate Italian I,3,,,,,,,,,,,,,,,,,,,,,,,,,,,,UNIVERSITY OF ARIZONA,,,ITAL 201,Intermediate Italian I ,4,,,,,,,,,,,,,,,,,,,,,,,,,,,
PIMA COMMUNITY COLLEGE,ITA 202,Intermediate Italian II,3,,,,,,,,,,,,,,,,,,,,,,,,,,,,UNIVERSITY OF ARIZONA,,,ITAL 202,Intermediate Italian II ,4,,,,,,,,,,,,,,,,,,,,,,,,,,,
PIMA COMMUNITY COLLEGE,JPN 101,Elementary Japanese I,5,,,,,,,,,,,,,,,,,,,,,,,,,,,,UNIVERSITY OF ARIZONA,,,JPN 101,Elementary Japanese ,5,,,,,,,,,,,,,,,,,,,,,,,,,,,
PIMA COMMUNITY COLLEGE,JPN 102,Elementary Japanese II,5,,,,,,,,,,,,,,,,,,,,,,,,,,,,UNIVERSITY OF ARIZONA,,,JPN 102,Elementary Japanese ,5,,,,,,,,,,,,,,,,,,,,,,,,,,,
PIMA COMMUNITY COLLEGE,JPN 201,Intermediate Japanese I,5,,,,,,,,,,,,,,,,,,,,,,,,,,,,UNIVERSITY OF ARIZONA,,,JPN 201,Intermediate Japanese ,5,,,,,,,,,,,,,,,,,,,,,,,,,,,
PIMA COMMUNITY COLLEGE,JPN 202,Intermediate Japanese II,5,,,,,,,,,,,,,,,,,,,,,,,,,,,,UNIVERSITY OF ARIZONA,,,JPN 202,Intermediate Japanese ,5,,,,,,,,,,,,,,,,,,,,,,,,,,,
PIMA COMMUNITY COLLEGE,JRN 101,Intro to Reporting & Media Wr,3,,,,,,,,,,,,,,,,,,,,,,,,,,,,UNIVERSITY OF ARIZONA,,,JOUR 205,Reporting the News,3,,,,,,,,,,,,,,,,,,,,,,,,,,,
PIMA COMMUNITY COLLEGE,JRN 102,Survey of Media Communication,3,,,,,,,,,,,,,,,,,,,,,,,,,,,,UNIVERSITY OF ARIZONA,,,JOUR 151,News in Mass Communications,3,,,,,,,,,,,,,,,,,,,,,,,,,,,
PIMA COMMUNITY COLLEGE,JRN 280,Photojournalism,3,,,,,,,,,,,,,,,,,,,,,,,,,,,,UNIVERSITY OF ARIZONA,,,JOUR 203,Photojournalism ,3,,,,,,,,,,,,,,,,,,,,,,,,,,,
PIMA COMMUNITY COLLEGE,KOR 101,Elementary Korean I,4,,,,,,,,,,,,,,,,,,,,,,,,,,,,UNIVERSITY OF ARIZONA,,,CRL 101,Elementary Language Study I ,4,,,,,,,,,,,,,,,,,,,,,,,,,,,
PIMA COMMUNITY COLLEGE,KOR 102,Elementary Korean II,4,,,,,,,,,,,,,,,,,,,,,,,,,,,,UNIVERSITY OF ARIZONA,,,CRL 102,Elementary Language Study II,4,,,,,,,,,,,,,,,,,,,,,,,,,,,
PIMA COMMUNITY COLLEGE,LAT 101,Elementary Latin I,3,,,,,,,,,,,,,,,,,,,,,,,,,,,,UNIVERSITY OF ARIZONA,,,LAT 101,Elementary Latin I,4,,,,,,,,,,,,,,,,,,,,,,,,,,,
PIMA COMMUNITY COLLEGE,LAT 102,Elementary Latin II,3,,,,,,,,,,,,,,,,,,,,,,,,,,,,UNIVERSITY OF ARIZONA,,,LAT 102,Elementary Latin II,4,,,,,,,,,,,,,,,,,,,,,,,,,,,
PIMA COMMUNITY COLLEGE,LAT 201,Intermediate Latin I,3,,,,,,,,,,,,,,,,,,,,,,,,,,,,UNIVERSITY OF ARIZONA,,,LAT 201,Intermediate Latin I ,4,,,,,,,,,,,,,,,,,,,,,,,,,,,
PIMA COMMUNITY COLLEGE,LAT 202,Intermediate Latin II,3,,,,,,,,,,,,,,,,,,,,,,,,,,,,UNIVERSITY OF ARIZONA,,,LAT 202,Intermediate Latin II,4,,,,,,,,,,,,,,,,,,,,,,,,,,,
PIMA COMMUNITY COLLEGE,LIS 150 ,Social Media and Ourselves,3,,,,,,,,,,,,,,,,,,,,,,,,,,,,UNIVERSITY OF ARIZONA,,,ESOC 150B1,Social Media and Ourselves,3,,,,,,,,,,,,,,,,,,,,,,,,,,,
PIMA COMMUNITY COLLEGE,LIS 210,Hacking and Open Source Cultur,3,,,,,,,,,,,,,,,,,,,,,,,,,,,,UNIVERSITY OF ARIZONA,,,ESOC 210,Hacking and Open Source Culture,3,,,,,,,,,,,,,,,,,,,,,,,,,,,
PIMA COMMUNITY COLLEGE,LIS 260,Learning in the Information Ag,3,,,,,,,,,,,,,,,,,,,,,,,,,,,,UNIVERSITY OF ARIZONA,,,ISTA 263,Learning in the Information Age,3,,,,,,,,,,,,,,,,,,,,,,,,,,,
PIMA COMMUNITY COLLEGE,LIT 231,Intro to Shakespeare,3,,,,,,,,,,,,,,,,,,,,,,,,,,,,UNIVERSITY OF ARIZONA,,,ENGL 231,Shakespeare's Major Plays,3,,,,,,,,,,,,,,,,,,,,,,,,,,,
PIMA COMMUNITY COLLEGE,LIT 261,Modern Literature,3,,,,,,,,,,,,,,,,,,,,,,,,,,,,UNIVERSITY OF ARIZONA,,,ENGL 261,Modern Literature,3,,,,,,,,,,,,,,,,,,,,,,,,,,,
PIMA COMMUNITY COLLEGE,LIT 262,American Poets,3,,,,,,,,,,,,,,,,,,,,,,,,,,,,UNIVERSITY OF ARIZONA,,,ENGL 270D,Topics in Literature,3,,,,,,,,,,,,,,,,,,,,,,,,,,,
PIMA COMMUNITY COLLEGE,LIT 265,Major American Writers,3,,,,,,,,,,,,,,,,,,,,,,,,,,,,UNIVERSITY OF ARIZONA,,,ENGL 265,Major American writers,3,,,,,,,,,,,,,,,,,,,,,,,,,,,
PIMA COMMUNITY COLLEGE,LIT 280,Introduction to Literature,3,,,,,,,,,,,,,,,,,,,,,,,,,,,,UNIVERSITY OF ARIZONA,,,ENGL 280,Introduction to Literature,3,,,,,,,,,,,,,,,,,,,,,,,,,,,
PIMA COMMUNITY COLLEGE,LIT 289,Literature and Film,3,,,,,,,,,,,,,,,,,,,,,,,,,,,,UNIVERSITY OF ARIZONA,,,ENGL 270,No Direct Equivalency,,,,,,,,,,,,,,,,,,,,,,,,,,,,
PIMA COMMUNITY COLLEGE,MAS 165,Intro to Chicano Studies,3,,,,,,,,,,,,,,,,,,,,,,,,,,,,UNIVERSITY OF ARIZONA,,,MAS 265,"Culture, Community and Identity",3,,,,,,,,,,,,,,,,,,,,,,,,,,,
PIMA COMMUNITY COLLEGE,MAT 142,Topics in College Math,3,,,,,,,,,,,,,,,,,,,,,,,,,,,,UNIVERSITY OF ARIZONA,,,MATH 105,Mathematics in Modern Society ,3,,,,,,,,,,,,,,,,,,,,,,,,,,,
PIMA COMMUNITY COLLEGE,MAT 151,College Algebra,4,,,,,,,,,,,,,,,,,,,,,,,,,,,,UNIVERSITY OF ARIZONA,,,MATH 112,College Algebra Concepts and Applications,3,,,,,,,,,,,,,,,,,,,,,,,,,,,
PIMA COMMUNITY COLLEGE,MAT 167,Introductory Statistics,3,,,,,,,,,,,,,,,,,,,,,,,,,,,,UNIVERSITY OF ARIZONA,,,MATH 163,Basic Statistics,3,,,,,,,,,,,,,,,,,,,,,,,,,,,
PIMA COMMUNITY COLLEGE,MAT 172,Finite Mathematics,3,,,,,,,,,,,,,,,,,,,,,,,,,,,,UNIVERSITY OF ARIZONA,,,MATH 114,Finite Mathematics,3,,,,,,,,,,,,,,,,,,,,,,,,,,,
PIMA COMMUNITY COLLEGE,MAT 187,Precalculus-Accelerated,5,,,,,,,,,,,,,,,,,,,,,,,,,,,,UNIVERSITY OF ARIZONA,,,MATH 120R,Calculus Preparation,4,,,,,,,,,,,,,,,,,,,,,,,,,,,
PIMA COMMUNITY COLLEGE,MAT 188,Precalculus I,4,,,,,,,,,,,,,,,,,,,,,,,,,,,,UNIVERSITY OF ARIZONA,,,MATH 112,College Algebra Concepts and Applications,3,,,,,,,,,,,,,,,,,,,,,,,,,,,
PIMA COMMUNITY COLLEGE,MAT 189,Precalculus II,3,,,,,,,,,,,,,,,,,,,,,,,,,,,,UNIVERSITY OF ARIZONA,,,MATH 111,Plane Trigonometry,2,,,,,,,,,,,,,,,,,,,,,,,,,,,
PIMA COMMUNITY COLLEGE,MAT 197,Precalculus Supplemental Semin,1,,,,,,,,,,,,,,,,,,,,,,,,,,,,UNIVERSITY OF ARIZONA,,,MATH 196L,Precalculus Supplemental Instruction Seminar,1,,,,,,,,,,,,,,,,,,,,,,,,,,,
PIMA COMMUNITY COLLEGE,MAT 212,Topics in Calculus,3,,,,,,,,,,,,,,,,,,,,,,,,,,,,UNIVERSITY OF ARIZONA,,,MATH 113,Elements of Calculus,3,,,,,,,,,,,,,,,,,,,,,,,,,,,
PIMA COMMUNITY COLLEGE,MAT 212,Topics in Calculus,3,,,,,,,,,,,,,,,,,,,,,,,,,,,,UNIVERSITY OF ARIZONA,,,MATH 116,Calculus Concepts for Business,3,,,,,,,,,,,,,,,,,,,,,,,,,,,
PIMA COMMUNITY COLLEGE,MAT 220,Calculus I,5,,,,,,,,,,,,,,,,,,,,,,,,,,,,UNIVERSITY OF ARIZONA,,,MATH 122A,Functions for Calculus,1,,,,,,,,,,,,,,,,,,,,,,,,,,,
PIMA COMMUNITY COLLEGE,MAT 220,Calculus I,5,,,,,,,,,,,,,,,,,,,,,,,,,,,,UNIVERSITY OF ARIZONA,,,MATH 122B,First Semester Calculus ,4,,,,,,,,,,,,,,,,,,,,,,,,,,,
PIMA COMMUNITY COLLEGE,MAT 227,Discrete Math in Comp Science,4,,,,,,,,,,,,,,,,,,,,,,,,,,,,UNIVERSITY OF ARIZONA,,,MATH 243,Discrete Mathematics,3,,,,,,,,,,,,,,,,,,,,,,,,,,,
PIMA COMMUNITY COLLEGE,MAT 231,Calculus II,4,,,,,,,,,,,,,,,,,,,,,,,,,,,,UNIVERSITY OF ARIZONA,,,MATH 129,Calculus II,3,,,,,,,,,,,,,,,,,,,,,,,,,,,
PIMA COMMUNITY COLLEGE,MAT 241,Calculus III,4,,,,,,,,,,,,,,,,,,,,,,,,,,,,UNIVERSITY OF ARIZONA,,,MATH 223,Vector Calculus ,4,,,,,,,,,,,,,,,,,,,,,,,,,,,
PIMA COMMUNITY COLLEGE,MAT 252,Intro to Linear Algebra,3,,,,,,,,,,,,,,,,,,,,,,,,,,,,UNIVERSITY OF ARIZONA,,,MATH 215,Introduction to to Linear Algebra,3,,,,,,,,,,,,,,,,,,,,,,,,,,,
PIMA COMMUNITY COLLEGE,MAT 262,Differential Equations,3,,,,,,,,,,,,,,,,,,,,,,,,,,,,UNIVERSITY OF ARIZONA,,,MATH 254,Introduction to Ordinary Differential Equations,3,,,,,,,,,,,,,,,,,,,,,,,,,,,
PIMA COMMUNITY COLLEGE,JRN 101,Intro Reporting/Media Writing,3,,,,,,,,,,,,,,,,,,,,,,,,,,,,UNIVERSITY OF ARIZONA,,,JOUR 205,Reporting the News,3,,,,,,,,,,,,,,,,,,,,,,,,,,,
PIMA COMMUNITY COLLEGE,JRN 102,Survey of Media Communication,3,,,,,,,,,,,,,,,,,,,,,,,,,,,,UNIVERSITY OF ARIZONA,,,JOUR 151,News in Mass Communications,3,,,,,,,,,,,,,,,,,,,,,,,,,,,
PIMA COMMUNITY COLLEGE,MEC 175,Cinematography,3,,,,,,,,,,,,,,,,,,,,,,,,,,,,UNIVERSITY OF ARIZONA,,,MAR 110,No Direct Equivalency,3,,,,,,,,,,,,,,,,,,,,,,,,,,,
PIMA COMMUNITY COLLEGE,MEC 215,Advanced Cinematography,3,,,,,,,,,,,,,,,,,,,,,,,,,,,,UNIVERSITY OF ARIZONA,,,MAR 215,Introduction to Advanced Cinematography,3,,,,,,,,,,,,,,,,,,,,,,,,,,,
PIMA COMMUNITY COLLEGE,MEC 235,Broadcast Journalism,3,,,,,,,,,,,,,,,,,,,,,,,,,,,,UNIVERSITY OF ARIZONA,,,MAR 280,Introduction to Broadcast Journalism,3,,,,,,,,,,,,,,,,,,,,,,,,,,,
PIMA COMMUNITY COLLEGE,JRN 280,Photojournalism,3,,,,,,,,,,,,,,,,,,,,,,,,,,,,UNIVERSITY OF ARIZONA,,,JOUR 203,Photojournalism ,3,,,,,,,,,,,,,,,,,,,,,,,,,,,
PIMA COMMUNITY COLLEGE,JRN 280,Photojournalism,3,,,,,,,,,,,,,,,,,,,,,,,,,,,,UNIVERSITY OF ARIZONA,,,JOUR 203,Photojournalism ,3,,,,,,,,,,,,,,,,,,,,,,,,,,,
PIMA COMMUNITY COLLEGE,MGT 230,Dynamics of Leadership,3,,,,,,,,,,,,,,,,,,,,,,,,,,,,UNIVERSITY OF ARIZONA,,,HED 201,Foundations of Leadership,3,,,,,,,,,,,,,,,,,,,,,,,,,,,
PIMA COMMUNITY COLLEGE,MKT 139,Retailing,3,,,,,,,,,,,,,,,,,,,,,,,,,,,,UNIVERSITY OF ARIZONA,,,RCSC 114,Introduction to Retailing,3,,,,,,,,,,,,,,,,,,,,,,,,,,,
PIMA COMMUNITY COLLEGE,MLA 100,Heritage/Values: US Air Frce I,2,,,,,,,,,,,,,,,,,,,,,,,,,,,,UNIVERSITY OF ARIZONA,,,MLA 100A,Foundations of the Air Force,2,,,,,,,,,,,,,,,,,,,,,,,,,,,
PIMA COMMUNITY COLLEGE,MLA 101,Heritage/Values: US Air Frc II,2,,,,,,,,,,,,,,,,,,,,,,,,,,,,UNIVERSITY OF ARIZONA,,,MLA 100B,Foundations of the Air Force,2,,,,,,,,,,,,,,,,,,,,,,,,,,,
PIMA COMMUNITY COLLEGE,MLA 110,Military Aerospace Phys Train,2,,,,,,,,,,,,,,,,,,,,,,,,,,,,UNIVERSITY OF ARIZONA,,,MLS 110,Physical Fitness Training,1,,,,,,,,,,,,,,,,,,,,,,,,,,,
PIMA COMMUNITY COLLEGE,MLA 200,Team & Leadership Fundamntls I,2,,,,,,,,,,,,,,,,,,,,,,,,,,,,UNIVERSITY OF ARIZONA,,,MLA 200A,Airpower History,2,,,,,,,,,,,,,,,,,,,,,,,,,,,
PIMA COMMUNITY COLLEGE,MLA 201,Team & Leadership Fundamnts II,2,,,,,,,,,,,,,,,,,,,,,,,,,,,,UNIVERSITY OF ARIZONA,,,MLA 200B,Airpower History,2,,,,,,,,,,,,,,,,,,,,,,,,,,,
PIMA COMMUNITY COLLEGE,MLS 201,Army Com/Func/Lead Dev II,3,,,,,,,,,,,,,,,,,,,,,,,,,,,,UNIVERSITY OF ARIZONA,,,MLS 297B,Com of Army Diversity,,,,,,,,,,,,,,,,,,,,,,,,,,,,
PIMA COMMUNITY COLLEGE,MUS 100,Guitar I,2,,,,,,,,,,,,,,,,,,,,,,,,,,,,UNIVERSITY OF ARIZONA,,,MUS 102A,Class Guitar for General College Students ,1,,,,,,,,,,,,,,,,,,,,,,,,,,,
PIMA COMMUNITY COLLEGE,MUS 101,Guitar II,2,,,,,,,,,,,,,,,,,,,,,,,,,,,,UNIVERSITY OF ARIZONA,,,MUS 102B,Class Guitar for General College Students ,1,,,,,,,,,,,,,,,,,,,,,,,,,,,
PIMA COMMUNITY COLLEGE,MUS 102,Music Fundamentals,3,,,,,,,,,,,,,,,,,,,,,,,,,,,,UNIVERSITY OF ARIZONA,,,MUS 119,Introduction to Music Theory,3,,,,,,,,,,,,,,,,,,,,,,,,,,,
PIMA COMMUNITY COLLEGE,MUS 108,Pima Jazz Band,3,,,,,,,,,,,,,,,,,,,,,,,,,,,,UNIVERSITY OF ARIZONA,,,MUS 200R,Jazz Ensemble,1,,,,,,,,,,,,,,,,,,,,,,,,,,,
PIMA COMMUNITY COLLEGE,MUS 109,Pima Jazz Band II,3,,,,,,,,,,,,,,,,,,,,,,,,,,,,UNIVERSITY OF ARIZONA,,,MUS 200R,Jazz Emsemble,1,,,,,,,,,,,,,,,,,,,,,,,,,,,
PIMA COMMUNITY COLLEGE,MUS 111,Explor Music thru Piano,3,,,,,,,,,,,,,,,,,,,,,,,,,,,,UNIVERSITY OF ARIZONA,,,MUS 101A,Exploring Music through Piano for General Students,3,,,,,,,,,,,,,,,,,,,,,,,,,,,
PIMA COMMUNITY COLLEGE,MUS 116,Pima CC Orchestra,3,,,,,,,,,,,,,,,,,,,,,,,,,,,,UNIVERSITY OF ARIZONA,,,MUS 200O,Symphony Orchestra,1,,,,,,,,,,,,,,,,,,,,,,,,,,,
PIMA COMMUNITY COLLEGE,MUS 117,PCC Orchestra II,3,,,,,,,,,,,,,,,,,,,,,,,,,,,,UNIVERSITY OF ARIZONA,,,MUS 200O,Symphony Orchestra,1,,,,,,,,,,,,,,,,,,,,,,,,,,,
PIMA COMMUNITY COLLEGE,MUS 120,Concert Band I,4,,,,,,,,,,,,,,,,,,,,,,,,,,,,UNIVERSITY OF ARIZONA,,,MUS 200C,Campus Band ,1,,,,,,,,,,,,,,,,,,,,,,,,,,,
PIMA COMMUNITY COLLEGE,MUS 121,Concert Band II,4,,,,,,,,,,,,,,,,,,,,,,,,,,,,UNIVERSITY OF ARIZONA,,,MUS 200C,Campus Band ,1,,,,,,,,,,,,,,,,,,,,,,,,,,,
PIMA COMMUNITY COLLEGE,MUS 122,Mariachi Ensemble I,3,,,,,,,,,,,,,,,,,,,,,,,,,,,,UNIVERSITY OF ARIZONA,,,MUS 200T,Mariachi Arizona,1,,,,,,,,,,,,,,,,,,,,,,,,,,,
PIMA COMMUNITY COLLEGE,MUS 124,Mariachi Ensemble II,3,,,,,,,,,,,,,,,,,,,,,,,,,,,,UNIVERSITY OF ARIZONA,,,MUS 200T,Mariachi Arizona,1,,,,,,,,,,,,,,,,,,,,,,,,,,,
PIMA COMMUNITY COLLEGE,MUS 125,Theory/Struc Diatonic Music,3,,,,,,,,,,,,,,,,,,,,,,,,,,,,UNIVERSITY OF ARIZONA,,,MUS 120A,No Direct Equivalency,,,,,,,,,,,,,,,,,,,,,,,,,,,,
PIMA COMMUNITY COLLEGE,MUS 130,Chorale (SATB),4,,,,,,,,,,,,,,,,,,,,,,,,,,,,UNIVERSITY OF ARIZONA,,,MUS 200I,Symphonic Choir,1,,,,,,,,,,,,,,,,,,,,,,,,,,,
PIMA COMMUNITY COLLEGE,MUS 131,College Singers (SATB),4,,,,,,,,,,,,,,,,,,,,,,,,,,,,UNIVERSITY OF ARIZONA,,,MUS 200J,University Singers,1,,,,,,,,,,,,,,,,,,,,,,,,,,,
PIMA COMMUNITY COLLEGE,MUS 136,Voice Class I,2,,,,,,,,,,,,,,,,,,,,,,,,,,,,UNIVERSITY OF ARIZONA,,,MUS 103,Class Voice for General College Students,2,,,,,,,,,,,,,,,,,,,,,,,,,,,
PIMA COMMUNITY COLLEGE,MUS 141,Piano Class I,2,,,,,,,,,,,,,,,,,,,,,,,,,,,,UNIVERSITY OF ARIZONA,,,MUS 110A,Piano Class,1,,,,,,,,,,,,,,,,,,,,,,,,,,,
PIMA COMMUNITY COLLEGE,MUS 142,Piano Class II,2,,,,,,,,,,,,,,,,,,,,,,,,,,,,UNIVERSITY OF ARIZONA,,,MUS 110B,Piano Class I,1,,,,,,,,,,,,,,,,,,,,,,,,,,,
PIMA COMMUNITY COLLEGE,MUS 143,Piano Class III,2,,,,,,,,,,,,,,,,,,,,,,,,,,,,UNIVERSITY OF ARIZONA,,,MUS 210A,Piano Class,1,,,,,,,,,,,,,,,,,,,,,,,,,,,
PIMA COMMUNITY COLLEGE,MUS 144,Piano Class IV,2,,,,,,,,,,,,,,,,,,,,,,,,,,,,UNIVERSITY OF ARIZONA,,,MUS 210B,Piano Class,1,,,,,,,,,,,,,,,,,,,,,,,,,,,
PIMA COMMUNITY COLLEGE,MUS 149,Opera Workshop,3,,,,,,,,,,,,,,,,,,,,,,,,,,,,UNIVERSITY OF ARIZONA,,,MUS 105L,Operatic Stage Training,1,,,,,,,,,,,,,,,,,,,,,,,,,,,
PIMA COMMUNITY COLLEGE,MUS 151,Exploring Music,3,,,,,,,,,,,,,,,,,,,,,,,,,,,,UNIVERSITY OF ARIZONA,,,MUS 107,Understanding Music through Listening,3,,,,,,,,,,,,,,,,,,,,,,,,,,,
PIMA COMMUNITY COLLEGE,MUS 160,Popular Music in America,3,,,,,,,,,,,,,,,,,,,,,,,,,,,,UNIVERSITY OF ARIZONA,,,MUS 231,No Direct Equivalency,,,,,,,,,,,,,,,,,,,,,,,,,,,,
PIMA COMMUNITY COLLEGE,MUS 181,Small Ensemble: Brass,1,,,,,,,,,,,,,,,,,,,,,,,,,,,,UNIVERSITY OF ARIZONA,,,MUS 201,Coached Ensemble,1,,,,,,,,,,,,,,,,,,,,,,,,,,,
PIMA COMMUNITY COLLEGE,MUS 182,Small Ensemble: Guitar,1,,,,,,,,,,,,,,,,,,,,,,,,,,,,UNIVERSITY OF ARIZONA,,,MUS 201,Coached Ensemble,1,,,,,,,,,,,,,,,,,,,,,,,,,,,
PIMA COMMUNITY COLLEGE,MUS 183,Small Ensemble: Percussion,1,,,,,,,,,,,,,,,,,,,,,,,,,,,,UNIVERSITY OF ARIZONA,,,MUS 201,Coached Ensemble,1,,,,,,,,,,,,,,,,,,,,,,,,,,,
PIMA COMMUNITY COLLEGE,MUS 184,Small Ensemble: Woodwinds,1,,,,,,,,,,,,,,,,,,,,,,,,,,,,UNIVERSITY OF ARIZONA,,,MUS 201,Coached Ensemble,1,,,,,,,,,,,,,,,,,,,,,,,,,,,
PIMA COMMUNITY COLLEGE,MUS 185,Small Ensemble: Strings,1,,,,,,,,,,,,,,,,,,,,,,,,,,,,UNIVERSITY OF ARIZONA,,,MUS 201,Coached Ensemble,1,,,,,,,,,,,,,,,,,,,,,,,,,,,
PIMA COMMUNITY COLLEGE,MUS 200,"UA March Band ""Pride of AZ""",6,,,,,,,,,,,,,,,,,,,,,,,,,,,,UNIVERSITY OF ARIZONA,,,MUS 200B,Marching Band ,1,,,,,,,,,,,,,,,,,,,,,,,,,,,
PIMA COMMUNITY COLLEGE,MUS 201,Hist & Lit of Music I,3,,,,,,,,,,,,,,,,,,,,,,,,,,,,UNIVERSITY OF ARIZONA,,,MUS 130A,Introduction to Music Literature I,2,,,,,,,,,,,,,,,,,,,,,,,,,,,
PIMA COMMUNITY COLLEGE,MUS 202,Hist & Lit of Music II,3,,,,,,,,,,,,,,,,,,,,,,,,,,,,UNIVERSITY OF ARIZONA,,,MUS 130B,Introduction to Music Literature II,2,,,,,,,,,,,,,,,,,,,,,,,,,,,
PIMA COMMUNITY COLLEGE,MUS 208,"UA Pep Band ""Pride of Arizona""",5,,,,,,,,,,,,,,,,,,,,,,,,,,,,UNIVERSITY OF ARIZONA,,,MUS 200B,Marching Band ,1,,,,,,,,,,,,,,,,,,,,,,,,,,,
PIMA COMMUNITY COLLEGE,NSP 100,Naval Laboratory I,2,,,,,,,,,,,,,,,,,,,,,,,,,,,,UNIVERSITY OF ARIZONA,,,NS 100,Naval Laboratory,1,,,,,,,,,,,,,,,,,,,,,,,,,,,
PIMA COMMUNITY COLLEGE,NSP 101,Intro to Naval Science,3,,,,,,,,,,,,,,,,,,,,,,,,,,,,UNIVERSITY OF ARIZONA,,,NS 101,Introduction to Naval Science,3,,,,,,,,,,,,,,,,,,,,,,,,,,,
PIMA COMMUNITY COLLEGE,NSP 102,Naval Ship Sys: Engineering,3,,,,,,,,,,,,,,,,,,,,,,,,,,,,UNIVERSITY OF ARIZONA,,,NS 102,Introduction to Ship Systems I :  Engineering,3,,,,,,,,,,,,,,,,,,,,,,,,,,,
PIMA COMMUNITY COLLEGE,NSP 201,Naval Ship Sys II: Weapons,3,,,,,,,,,,,,,,,,,,,,,,,,,,,,UNIVERSITY OF ARIZONA,,,NS 201,Naval Ship Systems: Weapons,3,,,,,,,,,,,,,,,,,,,,,,,,,,,
PIMA COMMUNITY COLLEGE,NSP 202,Sea Power/Maritime Affair,3,,,,,,,,,,,,,,,,,,,,,,,,,,,,UNIVERSITY OF ARIZONA,,,NS 202,Seapower and Maritime Affairs,3,,,,,,,,,,,,,,,,,,,,,,,,,,,
PIMA COMMUNITY COLLEGE,PHI 101,Intro to Philosophy,3,,,,,,,,,,,,,,,,,,,,,,,,,,,,UNIVERSITY OF ARIZONA,,,PHIL 111,Intro to Philosophy,3,,,,,,,,,,,,,,,,,,,,,,,,,,,
PIMA COMMUNITY COLLEGE,PHI 120,An Introduction to Logic,3,,,,,,,,,,,,,,,,,,,,,,,,,,,,UNIVERSITY OF ARIZONA,,,PHIL 110,Logical and Critical Thinking,3,,,,,,,,,,,,,,,,,,,,,,,,,,,
PIMA COMMUNITY COLLEGE,PHI 122,God  Mind  and Matter,3,,,,,,,,,,,,,,,,,,,,,,,,,,,,UNIVERSITY OF ARIZONA,,,PHIL 160D2,"Mind, Matter and God",3,,,,,,,,,,,,,,,,,,,,,,,,,,,
PIMA COMMUNITY COLLEGE,PHI 123,Philosophic Found Science,3,,,,,,,,,,,,,,,,,,,,,,,,,,,,UNIVERSITY OF ARIZONA,,,PHIL 160D3,Science and Inquiry ,3,,,,,,,,,,,,,,,,,,,,,,,,,,,
PIMA COMMUNITY COLLEGE,PHI 130,Intro Stud-Eth & Soc Phil,3,,,,,,,,,,,,,,,,,,,,,,,,,,,,UNIVERSITY OF ARIZONA,,,PHIL 113,Introduction to Moral and Social Philosophy ,3,,,,,,,,,,,,,,,,,,,,,,,,,,,
PIMA COMMUNITY COLLEGE,PHI 140,Philosophy of Religion,3,,,,,,,,,,,,,,,,,,,,,,,,,,,,UNIVERSITY OF ARIZONA,,,PHIL 233,Philosophy of Religion,3,,,,,,,,,,,,,,,,,,,,,,,,,,,
PIMA COMMUNITY COLLEGE,PHI 246,Existential Philosophy,3,,,,,,,,,,,,,,,,,,,,,,,,,,,,UNIVERSITY OF ARIZONA,,,PHIL 246,Existentialism and Phenomenology,3,,,,,,,,,,,,,,,,,,,,,,,,,,,
PIMA COMMUNITY COLLEGE,PHY 121IN,Introductory Physics I IN,6,,,,,,,,,,,,,,,,,,,,,,,,,,,,UNIVERSITY OF ARIZONA,,,PHYS 102,Introductory Physics I,3,,,,,,,,,,,,,,,,,,,,,,,,,,,
PIMA COMMUNITY COLLEGE,PHY 121IN,Introductory Physics I IN,6,,,,,,,,,,,,,,,,,,,,,,,,,,,,UNIVERSITY OF ARIZONA,,,PHYS 181,Introductory Laboratory I ,1,,,,,,,,,,,,,,,,,,,,,,,,,,,
PIMA COMMUNITY COLLEGE,PHY 122IN,Introductory Physics II IN,6,,,,,,,,,,,,,,,,,,,,,,,,,,,,UNIVERSITY OF ARIZONA,,,PHYS 103,Introductory Physics II,3,,,,,,,,,,,,,,,,,,,,,,,,,,,
PIMA COMMUNITY COLLEGE,PHY 122IN,Introductory Physics II IN,6,,,,,,,,,,,,,,,,,,,,,,,,,,,,UNIVERSITY OF ARIZONA,,,PHYS 182,Introductory Laboratory II,1,,,,,,,,,,,,,,,,,,,,,,,,,,,
PIMA COMMUNITY COLLEGE,PHY 210IN,Introductory Mechanics IN,6,,,,,,,,,,,,,,,,,,,,,,,,,,,,UNIVERSITY OF ARIZONA,,,PHYS 141,Introductory Mechanics ,4,,,,,,,,,,,,,,,,,,,,,,,,,,,
PIMA COMMUNITY COLLEGE,PHY 216IN,Intro Elect & Magnetism,6,,,,,,,,,,,,,,,,,,,,,,,,,,,,UNIVERSITY OF ARIZONA,,,PHYS 241,Introductory Electricity and Magnetism ,4,,,,,,,,,,,,,,,,,,,,,,,,,,,
PIMA COMMUNITY COLLEGE,PHY 221IN,Introduction to Waves and Heat,5,,,,,,,,,,,,,,,,,,,,,,,,,,,,UNIVERSITY OF ARIZONA,,,PHYS 142,Introductory Optics and Thermodynamics,3,,,,,,,,,,,,,,,,,,,,,,,,,,,
PIMA COMMUNITY COLLEGE,PHY 295LB,Ind Research in Physics,3.0-12.0,,,,,,,,,,,,,,,,,,,,,,,,,,,,UNIVERSITY OF ARIZONA,,,PHYS 299,Independent Study,,,,,,,,,,,,,,,,,,,,,,,,,,,,
PIMA COMMUNITY COLLEGE,POS 100,Introduction to Politics,3,,,,,,,,,,,,,,,,,,,,,,,,,,,,UNIVERSITY OF ARIZONA,,,POL 150C2,What is Politics?,3,,,,,,,,,,,,,,,,,,,,,,,,,,,
PIMA COMMUNITY COLLEGE,POS 201,American Nat'l Gov & Politics,3,,,,,,,,,,,,,,,,,,,,,,,,,,,,UNIVERSITY OF ARIZONA,,,POL 201,American National Governmnent,3,,,,,,,,,,,,,,,,,,,,,,,,,,,
PIMA COMMUNITY COLLEGE,POS 202,Intro to Int'l Relations,3,,,,,,,,,,,,,,,,,,,,,,,,,,,,UNIVERSITY OF ARIZONA,,,POL 202,International Relations,3,,,,,,,,,,,,,,,,,,,,,,,,,,,
PIMA COMMUNITY COLLEGE,POS 203,Intro to Political Ideas,3,,,,,,,,,,,,,,,,,,,,,,,,,,,,UNIVERSITY OF ARIZONA,,,POL 203,Political Ideas,3,,,,,,,,,,,,,,,,,,,,,,,,,,,
PIMA COMMUNITY COLLEGE,POS 204,Intro to Comparative Politics,3,,,,,,,,,,,,,,,,,,,,,,,,,,,,UNIVERSITY OF ARIZONA,,,POL 204,Comparative Politics ,3,,,,,,,,,,,,,,,,,,,,,,,,,,,
PIMA COMMUNITY COLLEGE,POS 210,National & State Constitution,3,,,,,,,,,,,,,,,,,,,,,,,,,,,,UNIVERSITY OF ARIZONA,,,POL 210,U.S. and Arizona Constitution,3,,,,,,,,,,,,,,,,,,,,,,,,,,,
PIMA COMMUNITY COLLEGE,POS 231,Amer State & Loc Gov Pol,3,,,,,,,,,,,,,,,,,,,,,,,,,,,,UNIVERSITY OF ARIZONA,,,POL 230,American State and Local Government,3,,,,,,,,,,,,,,,,,,,,,,,,,,,
PIMA COMMUNITY COLLEGE,PSY 101,Intro to Psychology,3,,,,,,,,,,,,,,,,,,,,,,,,,,,,UNIVERSITY OF ARIZONA,,,PSY 101,Introduction to Psychology,4,,,,,,,,,,,,,,,,,,,,,,,,,,,
PIMA COMMUNITY COLLEGE,PSY 132,Psychology and Culture,3,,,,,,,,,,,,,,,,,,,,,,,,,,,,UNIVERSITY OF ARIZONA,,,PSYC 218,Psychology and Culture,,,,,,,,,,,,,,,,,,,,,,,,,,,,
PIMA COMMUNITY COLLEGE,PSY 215,Human Sexuality,3,,,,,,,,,,,,,,,,,,,,,,,,,,,,UNIVERSITY OF ARIZONA,,,PSY 364,Human Sexuality,3,,,,,,,,,,,,,,,,,,,,,,,,,,,
PIMA COMMUNITY COLLEGE,PSY 216,Psychology of Gender,3,,,,,,,,,,,,,,,,,,,,,,,,,,,,UNIVERSITY OF ARIZONA,,,PSY 216,Psychology of Gender,3,,,,,,,,,,,,,,,,,,,,,,,,,,,
PIMA COMMUNITY COLLEGE,PSY 218,Health Psychology,3,,,,,,,,,,,,,,,,,,,,,,,,,,,,UNIVERSITY OF ARIZONA,,,PSYC 218,Introduction to Health Psychology,,,,,,,,,,,,,,,,,,,,,,,,,,,,
PIMA COMMUNITY COLLEGE,PSY 230,Psych Measurements & Stats,3,,,,,,,,,,,,,,,,,,,,,,,,,,,,UNIVERSITY OF ARIZONA,,,PSY 230,Psychological Measurement and Statistics,3,,,,,,,,,,,,,,,,,,,,,,,,,,,
PIMA COMMUNITY COLLEGE,PSY 240,Developmental Psychology,3,,,,,,,,,,,,,,,,,,,,,,,,,,,,UNIVERSITY OF ARIZONA,,,PSY 240,Developmental Psychology,3,,,,,,,,,,,,,,,,,,,,,,,,,,,
PIMA COMMUNITY COLLEGE,PSY 289,Research Methods,6,,,,,,,,,,,,,,,,,,,,,,,,,,,,UNIVERSITY OF ARIZONA,,,PSY 290A,Research Methods,3,,,,,,,,,,,,,,,,,,,,,,,,,,,
PIMA COMMUNITY COLLEGE,PSY 289,Research Methods,6,,,,,,,,,,,,,,,,,,,,,,,,,,,,UNIVERSITY OF ARIZONA,,,PSY 297A,Introductory Laboratory in Psychology,3,,,,,,,,,,,,,,,,,,,,,,,,,,,
PIMA COMMUNITY COLLEGE,REL 119,Western Religions,3,,,,,,,,,,,,,,,,,,,,,,,,,,,,UNIVERSITY OF ARIZONA,,,RELI 160D2,"Judaism, Christianity, Islam: Abrahamic Religions",3,,,,,,,,,,,,,,,,,,,,,,,,,,,
PIMA COMMUNITY COLLEGE,REL 130,Asian Religions,3,,,,,,,,,,,,,,,,,,,,,,,,,,,,UNIVERSITY OF ARIZONA,,,RELI 130,Asian Religions,3,,,,,,,,,,,,,,,,,,,,,,,,,,,
PIMA COMMUNITY COLLEGE,REL 140 ,Philosophy of Religion,3,,,,,,,,,,,,,,,,,,,,,,,,,,,,UNIVERSITY OF ARIZONA,,,PHIL 233,Philosophy of Religion,3,,,,,,,,,,,,,,,,,,,,,,,,,,,
PIMA COMMUNITY COLLEGE,REL 200,Religion in Popular Culture,3,,,,,,,,,,,,,,,,,,,,,,,,,,,,UNIVERSITY OF ARIZONA,,,RELI 150B1,Religion and Popular Culture,3,,,,,,,,,,,,,,,,,,,,,,,,,,,
PIMA COMMUNITY COLLEGE,REL 220,Old Testament,3,,,,,,,,,,,,,,,,,,,,,,,,,,,,UNIVERSITY OF ARIZONA,,,RELI 220A,Literature of the Bible,3,,,,,,,,,,,,,,,,,,,,,,,,,,,
PIMA COMMUNITY COLLEGE,REL 221,New Testament,3,,,,,,,,,,,,,,,,,,,,,,,,,,,,UNIVERSITY OF ARIZONA,,,RELI 220B,Literature of the Bible,3,,,,,,,,,,,,,,,,,,,,,,,,,,,
PIMA COMMUNITY COLLEGE,SOC 101,Intro to Sociology,3,,,,,,,,,,,,,,,,,,,,,,,,,,,,UNIVERSITY OF ARIZONA,,,SOC 101,Intro to Sociology,3,,,,,,,,,,,,,,,,,,,,,,,,,,,
PIMA COMMUNITY COLLEGE,SOC 110,Intro to Cities/Global Society,3,,,,,,,,,,,,,,,,,,,,,,,,,,,,UNIVERSITY OF ARIZONA,,,SOC ,Introduction to to Cities Global Studies,,,,,,,,,,,,,,,,,,,,,,,,,,,,
PIMA COMMUNITY COLLEGE,SOC 120,Current Social Problems,3,,,,,,,,,,,,,,,,,,,,,,,,,,,,UNIVERSITY OF ARIZONA,,,SOC 150B1,Social Issues in America,3,,,,,,,,,,,,,,,,,,,,,,,,,,,
PIMA COMMUNITY COLLEGE,SOC 127,Marriage & the Family,3,,,,,,,,,,,,,,,,,,,,,,,,,,,,UNIVERSITY OF ARIZONA,,,FSHD 257,Comtemporary Families,3,,,,,,,,,,,,,,,,,,,,,,,,,,,
PIMA COMMUNITY COLLEGE,SOC 201,Minority Rel & Urban Soc,3,,,,,,,,,,,,,,,,,,,,,,,,,,,,UNIVERSITY OF ARIZONA,,,SOC 260,Ethnic and Race Relations in the United States,3,,,,,,,,,,,,,,,,,,,,,,,,,,,
PIMA COMMUNITY COLLEGE,SOC 204,Women in Society,3,,,,,,,,,,,,,,,,,,,,,,,,,,,,UNIVERSITY OF ARIZONA,,,SOC 222,"Gender Identities, Interactions and Relationships ",3,,,,,,,,,,,,,,,,,,,,,,,,,,,
PIMA COMMUNITY COLLEGE,SPA 101,Elementary Spanish I,4,,,,,,,,,,,,,,,,,,,,,,,,,,,,UNIVERSITY OF ARIZONA,,,SPAN 101,First Semester Spanish,4,,,,,,,,,,,,,,,,,,,,,,,,,,,
PIMA COMMUNITY COLLEGE,SPA 102,Elementary Spanish II,4,,,,,,,,,,,,,,,,,,,,,,,,,,,,UNIVERSITY OF ARIZONA,,,SPAN 102,Second Semester Spanish,4,,,,,,,,,,,,,,,,,,,,,,,,,,,
PIMA COMMUNITY COLLEGE,SPA 103,Spanish for Span Speakers I,4,,,,,,,,,,,,,,,,,,,,,,,,,,,,UNIVERSITY OF ARIZONA,,,SPAN 103,Oral Skills for Heritage Learners of Spanish,4,,,,,,,,,,,,,,,,,,,,,,,,,,,
PIMA COMMUNITY COLLEGE,SPA 201,Intermediate Spanish I,4,,,,,,,,,,,,,,,,,,,,,,,,,,,,UNIVERSITY OF ARIZONA,,,SPAN 201,Third Semester Spanish,4,,,,,,,,,,,,,,,,,,,,,,,,,,,
PIMA COMMUNITY COLLEGE,SPA 202,Intermediate Spanish II,4,,,,,,,,,,,,,,,,,,,,,,,,,,,,UNIVERSITY OF ARIZONA,,,SPAN 202,Fourth Semester Spanish,4,,,,,,,,,,,,,,,,,,,,,,,,,,,
PIMA COMMUNITY COLLEGE,SPA 203,Writing & Oral Skills for Heritage & Bilingual Learners,4,,,,,,,,,,,,,,,,,,,,,,,,,,,,UNIVERSITY OF ARIZONA,,,SPAN 203,Writing and Oral Skills for the Heritage Learner of Spanish,4,,,,,,,,,,,,,,,,,,,,,,,,,,,
PIMA COMMUNITY COLLEGE,SPA 251,Intermediate Spanish III,3,,,,,,,,,,,,,,,,,,,,,,,,,,,,UNIVERSITY OF ARIZONA,,,SPAN 251,Intermediate Spanish,3,,,,,,,,,,,,,,,,,,,,,,,,,,,
PIMA COMMUNITY COLLEGE,SPA 253,Intermediate Spanish for Heritage and Bilingual Learners,4,,,,,,,,,,,,,,,,,,,,,,,,,,,,UNIVERSITY OF ARIZONA,,,SPAN 253,Intermediate Spanish I for Heritage Learners,3,,,,,,,,,,,,,,,,,,,,,,,,,,,
PIMA COMMUNITY COLLEGE,THE 105,Theater Appreciation,3,,,,,,,,,,,,,,,,,,,,,,,,,,,,UNIVERSITY OF ARIZONA,,,TAR 103,Broadway and Beyond: The Art and Process of Theatre,3,,,,,,,,,,,,,,,,,,,,,,,,,,,
PIMA COMMUNITY COLLEGE,THE 111,Stagecraft,5,,,,,,,,,,,,,,,,,,,,,,,,,,,,UNIVERSITY OF ARIZONA,,,TAR 111,Stagecraft,3,,,,,,,,,,,,,,,,,,,,,,,,,,,
PIMA COMMUNITY COLLEGE,THE 113,Stagecraft Crew,3,,,,,,,,,,,,,,,,,,,,,,,,,,,,UNIVERSITY OF ARIZONA,,,TAR 113,Stagecraft Crew,1,,,,,,,,,,,,,,,,,,,,,,,,,,,
PIMA COMMUNITY COLLEGE,THE 118,Basic Theater Graphics,3,,,,,,,,,,,,,,,,,,,,,,,,,,,,UNIVERSITY OF ARIZONA,,,TFTV 224,Technical Theatre Graphics,3,,,,,,,,,,,,,,,,,,,,,,,,,,,
PIMA COMMUNITY COLLEGE,THE 121,Introduction to Design,5,,,,,,,,,,,,,,,,,,,,,,,,,,,,UNIVERSITY OF ARIZONA,,,TFTV 121,Introduction to Arts and Entertainment Design,3,,,,,,,,,,,,,,,,,,,,,,,,,,,
PIMA COMMUNITY COLLEGE,THE 125,Theater Production,6,,,,,,,,,,,,,,,,,,,,,,,,,,,,UNIVERSITY OF ARIZONA,,,TAR 287A,Theatrical Production,3,,,,,,,,,,,,,,,,,,,,,,,,,,,
PIMA COMMUNITY COLLEGE,THE 149,Introduction to Acting I,4,,,,,,,,,,,,,,,,,,,,,,,,,,,,UNIVERSITY OF ARIZONA,,,TAR 149,Acting I ,3,,,,,,,,,,,,,,,,,,,,,,,,,,,
PIMA COMMUNITY COLLEGE,THE 151,Introduction to Acting II,4,,,,,,,,,,,,,,,,,,,,,,,,,,,,UNIVERSITY OF ARIZONA,,,TAR 151,Acting II,3,,,,,,,,,,,,,,,,,,,,,,,,,,,
PIMA COMMUNITY COLLEGE,THE 220,Stage Lighting,5,,,,,,,,,,,,,,,,,,,,,,,,,,,,UNIVERSITY OF ARIZONA,,,TFTV 220,Stage Lighting,3,,,,,,,,,,,,,,,,,,,,,,,,,,,
PIMA COMMUNITY COLLEGE,THE 222,Stage Lighting Crew,3,,,,,,,,,,,,,,,,,,,,,,,,,,,,UNIVERSITY OF ARIZONA,,,TAR 222,Stage Lighting Crew,1,,,,,,,,,,,,,,,,,,,,,,,,,,,
PIMA COMMUNITY COLLEGE,THE 245,Principles of Dramatic Structure,3,,,,,,,,,,,,,,,,,,,,,,,,,,,,UNIVERSITY OF ARIZONA,,,TFTV 145,Principles of Dramatic Structure,3,,,,,,,,,,,,,,,,,,,,,,,,,,,
 ,WRT 100 ,Writing Fundamentals,3,,,,,,,,,,,,,,,,,,,,,,,,,,,,UNIVERSITY OF ARIZONA,,,ENGL 100,First- Year Composition,3,,,,,,,,,,,,,,,,,,,,,,,,,,,
PIMA COMMUNITY COLLEGE,WRT 101,Writing I,3,,,,,,,,,,,,,,,,,,,,,,,,,,,,UNIVERSITY OF ARIZONA,,,ENGL 101,First- Year Composition,3,,,,,,,,,,,,,,,,,,,,,,,,,,,
PIMA COMMUNITY COLLEGE,WRT 102,Writing II,3,,,,,,,,,,,,,,,,,,,,,,,,,,,,UNIVERSITY OF ARIZONA,,,ENGL 102,First- Year Composition,3,,,,,,,,,,,,,,,,,,,,,,,,,,,
PIMA COMMUNITY COLLEGE,WRT 125,Poetry Writing,3,,,,,,,,,,,,,,,,,,,,,,,,,,,,UNIVERSITY OF ARIZONA,,,ENGL 209,Introduction to Creative Writing: Poetry,3,,,,,,,,,,,,,,,,,,,,,,,,,,,
PIMA COMMUNITY COLLEGE,WRT 126,Short Story Writing,3,,,,,,,,,,,,,,,,,,,,,,,,,,,,UNIVERSITY OF ARIZONA,,,ENGL 210,Introduction to Creative Writing: Fiction,3,,,,,,,,,,,,,,,,,,,,,,,,,,,
PIMA COMMUNITY COLLEGE,WRT 201,Intro to Creative Writing,3,,,,,,,,,,,,,,,,,,,,,,,,,,,,UNIVERSITY OF ARIZONA,,,ENGL 215,Creative Writing: Elements of Craft,3,,,,,,,,,,,,,,,,,,,,,,,,,,,
PIMA COMMUNITY COLLEGE,WRT 205,Intro to Poetry Writing,3,,,,,,,,,,,,,,,,,,,,,,,,,,,,UNIVERSITY OF ARIZONA,,,ENGL 209,Introduction to Creative Writing: Poetry,3,,,,,,,,,,,,,,,,,,,,,,,,,,,
PIMA COMMUNITY COLLEGE,WRT 206,Short Story Writing,3,,,,,,,,,,,,,,,,,,,,,,,,,,,,UNIVERSITY OF ARIZONA,,,ENGL 210,Introduction to Creative Writing: Fiction,3,,,,,,,,,,,,,,,,,,,,,,,,,,,
PIMA COMMUNITY COLLEGE,WRT 207,Creative Nonfiction,3,,,,,,,,,,,,,,,,,,,,,,,,,,,,UNIVERSITY OF ARIZONA,,,ENGL 201,Introduction to Creative Writing: Creative Nonfiction,3,,,,,,,,,,,,,,,,,,,,,,,,,,,
PIMA COMMUNITY COLLEGE,WRT 216,Advanced Fiction Writing,3,,,,,,,,,,,,,,,,,,,,,,,,,,,,UNIVERSITY OF ARIZONA,,,ENGL 210,Introduction to Creative Writing: Fiction,3,,,,,,,,,,,,,,,,,,,,,,,,,,,
PIMA COMMUNITY COLLEGE,WRT 254,Advanced Professional Communication,3,,,,,,,,,,,,,,,,,,,,,,,,,,,,UNIVERSITY OF ARIZONA,,,BCOM 214,Fundamentals of Business Communication,3,,,,,,,,,,,,,,,,,,,,,,,,,,,
PIMA COMMUNITY COLLEGE,BIO 181IN,,3,,,,,,,,,,,,,,,,,,,,,,,,,,,,UNIVERSITY OF ARIZONA,,,MCB 181R,,3,MCB 181L,,3,,,,,,,,,,,,,,,,,,,,,,,,
,BUS 277,,3,,,,,,,,,,,,,,,,,,,,,,,,,,,,,,,BNAD 277,,3,,,,,,,,,,,,,,,,,,,,,,,,,,,
,BUS 205,,3,,,,,,,,,,,,,,,,,,,,,,,,,,,,,,,BNAD 276,,3,,,,,,,,,,,,,,,,,,,,,,,,,,,
,CIS 120,,3,,,,,,,,,,,,,,,,,,,,,,,,,,,,,,,MIS 111,,3,MIS 112,,3,,,,,,,,,,,,,,,,,,,,,,,,
